datetime,tradingday,open,high,low,close,close_x,close_y,trade
2020-01-03 09:00:00,2020-01-03,115.0,116.0,114.0,115.0,3000.0,2900.0,True
2020-01-03 09:01:00,2020-01-03,115.5,116.5,114.5,115.5,3000.0,2900.0,True
2020-01-03 09:02:00,2020-01-03,116.0,117.0,115.0,116.0,3000.0,2900.0,True
2020-01-03 09:03:00,2020-01-03,116.5,117.5,115.5,116.5,3000.0,2900.0,True
2020-01-03 09:04:00,2020-01-03,117.0,118.0,116.0,117.0,3000.0,2900.0,True
2020-01-03 09:05:00,2020-01-03,117.5,118.5,116.5,117.5,3000.0,2900.0,True
2020-01-03 09:06:00,2020-01-03,118.0,119.0,117.0,118.0,3000.0,2900.0,True
2020-01-03 09:07:00,2020-01-03,118.5,119.5,117.5,118.5,3000.0,2900.0,True
2020-01-03 09:08:00,2020-01-03,119.0,120.0,118.0,119.0,3000.0,2900.0,True
2020-01-03 09:09:00,2020-01-03,119.5,120.5,118.5,119.5,3000.0,2900.0,True
2020-01-03 09:10:00,2020-01-03,120.0,121.0,119.0,120.0,3000.0,2900.0,True
2020-01-03 09:11:00,2020-01-03,120.5,121.5,119.5,120.5,3000.0,2900.0,True
2020-01-03 09:12:00,2020-01-03,121.0,122.0,120.0,121.0,3000.0,2900.0,True
2020-01-03 09:13:00,2020-01-03,121.5,122.5,120.5,121.5,3000.0,2900.0,True
2020-01-03 09:14:00,2020-01-03,122.0,123.0,121.0,122.0,3000.0,2900.0,True
2020-01-03 09:15:00,2020-01-03,122.5,123.5,121.5,122.5,3000.0,2900.0,True
2020-01-03 09:16:00,2020-01-03,123.0,124.0,122.0,123.0,3000.0,2900.0,True
2020-01-03 09:17:00,2020-01-03,123.5,124.5,122.5,123.5,3000.0,2900.0,True
2020-01-03 09:18:00,2020-01-03,124.0,125.0,123.0,124.0,3000.0,2900.0,True
2020-01-03 09:19:00,2020-01-03,124.5,125.5,123.5,124.5,3000.0,2900.0,True
2020-01-03 09:20:00,2020-01-03,115.0,116.0,114.0,115.0,3000.0,2900.0,True
2020-01-03 09:21:00,2020-01-03,115.5,116.5,114.5,115.5,3000.0,2900.0,True
2020-01-03 09:22:00,2020-01-03,116.0,117.0,115.0,116.0,3000.0,2900.0,True
2020-01-03 09:23:00,2020-01-03,116.5,117.5,115.5,116.5,3000.0,2900.0,True
2020-01-03 09:24:00,2020-01-03,117.0,118.0,116.0,117.0,3000.0,2900.0,True
2020-01-03 09:25:00,2020-01-03,117.5,118.5,116.5,117.5,3000.0,2900.0,True
2020-01-03 09:26:00,2020-01-03,118.0,119.0,117.0,118.0,3000.0,2900.0,True
2020-01-03 09:27:00,2020-01-03,118.5,119.5,117.5,118.5,3000.0,2900.0,True
2020-01-03 09:28:00,2020-01-03,119.0,120.0,118.0,119.0,3000.0,2900.0,True
2020-01-03 09:29:00,2020-01-03,119.5,120.5,118.5,119.5,3000.0,2900.0,True
2020-01-03 09:30:00,2020-01-03,120.0,121.0,119.0,120.0,3000.0,2900.0,True
2020-01-03 09:31:00,2020-01-03,120.5,121.5,119.5,120.5,3000.0,2900.0,True
2020-01-03 09:32:00,2020-01-03,121.0,122.0,120.0,121.0,3000.0,2900.0,True
2020-01-03 09:33:00,2020-01-03,121.5,122.5,120.5,121.5,3000.0,2900.0,True
2020-01-03 09:34:00,2020-01-03,122.0,123.0,121.0,122.0,3000.0,2900.0,True
2020-01-03 09:35:00,2020-01-03,122.5,123.5,121.5,122.5,3000.0,2900.0,True
2020-01-03 09:36:00,2020-01-03,123.0,124.0,122.0,123.0,3000.0,2900.0,True
2020-01-03 09:37:00,2020-01-03,123.5,124.5,122.5,123.5,3000.0,2900.0,True
2020-01-03 09:38:00,2020-01-03,124.0,125.0,123.0,124.0,3000.0,2900.0,True
2020-01-03 09:39:00,2020-01-03,124.5,125.5,123.5,124.5,3000.0,2900.0,True
2020-01-03 09:40:00,2020-01-03,115.0,116.0,114.0,115.0,3000.0,2900.0,True
2020-01-03 09:41:00,2020-01-03,115.5,116.5,114.5,115.5,3000.0,2900.0,True
2020-01-03 09:42:00,2020-01-03,116.0,117.0,115.0,116.0,3000.0,2900.0,True
2020-01-03 09:43:00,2020-01-03,116.5,117.5,115.5,116.5,3000.0,2900.0,True
2020-01-03 09:44:00,2020-01-03,117.0,118.0,116.0,117.0,3000.0,2900.0,True
2020-01-03 09:45:00,2020-01-03,117.5,118.5,116.5,117.5,3000.0,2900.0,True
2020-01-03 09:46:00,2020-01-03,118.0,119.0,117.0,118.0,3000.0,2900.0,True
2020-01-03 09:47:00,2020-01-03,118.5,119.5,117.5,118.5,3000.0,2900.0,True
2020-01-03 09:48:00,2020-01-03,119.0,120.0,118.0,119.0,3000.0,2900.0,True
2020-01-03 09:49:00,2020-01-03,119.5,120.5,118.5,119.5,3000.0,2900.0,True
2020-01-03 09:50:00,2020-01-03,120.0,121.0,119.0,120.0,3000.0,2900.0,True
2020-01-03 09:51:00,2020-01-03,120.5,121.5,119.5,120.5,3000.0,2900.0,True
2020-01-03 09:52:00,2020-01-03,121.0,122.0,120.0,121.0,3000.0,2900.0,True
2020-01-03 09:53:00,2020-01-03,121.5,122.5,120.5,121.5,3000.0,2900.0,True
2020-01-03 09:54:00,2020-01-03,122.0,123.0,121.0,122.0,3000.0,2900.0,True
2020-01-03 09:55:00,2020-01-03,122.5,123.5,121.5,122.5,3000.0,2900.0,True
2020-01-03 09:56:00,2020-01-03,123.0,124.0,122.0,123.0,3000.0,2900.0,True
2020-01-03 09:57:00,2020-01-03,123.5,124.5,122.5,123.5,3000.0,2900.0,True
2020-01-03 09:58:00,2020-01-03,124.0,125.0,123.0,124.0,3000.0,2900.0,True
2020-01-03 09:59:00,2020-01-03,124.5,125.5,123.5,124.5,3000.0,2900.0,True
2020-01-03 10:00:00,2020-01-03,115.0,116.0,114.0,115.0,3000.0,2900.0,True
2020-01-03 10:01:00,2020-01-03,115.5,116.5,114.5,115.5,3000.0,2900.0,True
2020-01-03 10:02:00,2020-01-03,116.0,117.0,115.0,116.0,3000.0,2900.0,True
2020-01-03 10:03:00,2020-01-03,116.5,117.5,115.5,116.5,3000.0,2900.0,True
2020-01-03 10:04:00,2020-01-03,117.0,118.0,116.0,117.0,3000.0,2900.0,True
2020-01-03 10:05:00,2020-01-03,117.5,118.5,116.5,117.5,3000.0,2900.0,True
2020-01-03 10:06:00,2020-01-03,118.0,119.0,117.0,118.0,3000.0,2900.0,True
2020-01-03 10:07:00,2020-01-03,118.5,119.5,117.5,118.5,3000.0,2900.0,True
2020-01-03 10:08:00,2020-01-03,119.0,120.0,118.0,119.0,3000.0,2900.0,True
2020-01-03 10:09:00,2020-01-03,119.5,120.5,118.5,119.5,3000.0,2900.0,True
2020-01-03 10:10:00,2020-01-03,120.0,121.0,119.0,120.0,3000.0,2900.0,True
2020-01-03 10:11:00,2020-01-03,120.5,121.5,119.5,120.5,3000.0,2900.0,True
2020-01-03 10:12:00,2020-01-03,121.0,122.0,120.0,121.0,3000.0,2900.0,True
2020-01-03 10:13:00,2020-01-03,121.5,122.5,120.5,121.5,3000.0,2900.0,True
2020-01-03 10:14:00,2020-01-03,122.0,123.0,121.0,122.0,3000.0,2900.0,True
2020-01-03 10:15:00,2020-01-03,122.5,123.5,121.5,122.5,3000.0,2900.0,True
2020-01-03 10:16:00,2020-01-03,123.0,124.0,122.0,123.0,3000.0,2900.0,True
2020-01-03 10:17:00,2020-01-03,123.5,124.5,122.5,123.5,3000.0,2900.0,True
2020-01-03 10:18:00,2020-01-03,124.0,125.0,123.0,124.0,3000.0,2900.0,True
2020-01-03 10:19:00,2020-01-03,124.5,125.5,123.5,124.5,3000.0,2900.0,True
2020-01-03 10:20:00,2020-01-03,115.0,116.0,114.0,115.0,3000.0,2900.0,True
2020-01-03 10:21:00,2020-01-03,115.5,116.5,114.5,115.5,3000.0,2900.0,True
2020-01-03 10:22:00,2020-01-03,116.0,117.0,115.0,116.0,3000.0,2900.0,True
2020-01-03 10:23:00,2020-01-03,116.5,117.5,115.5,116.5,3000.0,2900.0,True
2020-01-03 10:24:00,2020-01-03,117.0,118.0,116.0,117.0,3000.0,2900.0,True
2020-01-03 10:25:00,2020-01-03,117.5,118.5,116.5,117.5,3000.0,2900.0,True
2020-01-03 10:26:00,2020-01-03,118.0,119.0,117.0,118.0,3000.0,2900.0,True
2020-01-03 10:27:00,2020-01-03,118.5,119.5,117.5,118.5,3000.0,2900.0,True
2020-01-03 10:28:00,2020-01-03,119.0,120.0,118.0,119.0,3000.0,2900.0,True
2020-01-03 10:29:00,2020-01-03,119.5,120.5,118.5,119.5,3000.0,2900.0,True
2020-01-03 10:30:00,2020-01-03,120.0,121.0,119.0,120.0,3000.0,2900.0,True
2020-01-03 10:31:00,2020-01-03,120.5,121.5,119.5,120.5,3000.0,2900.0,True
2020-01-03 10:32:00,2020-01-03,121.0,122.0,120.0,121.0,3000.0,2900.0,True
2020-01-03 10:33:00,2020-01-03,121.5,122.5,120.5,121.5,3000.0,2900.0,True
2020-01-03 10:34:00,2020-01-03,122.0,123.0,121.0,122.0,3000.0,2900.0,True
2020-01-03 10:35:00,2020-01-03,122.5,123.5,121.5,122.5,3000.0,2900.0,True
2020-01-03 10:36:00,2020-01-03,123.0,124.0,122.0,123.0,3000.0,2900.0,True
2020-01-03 10:37:00,2020-01-03,123.5,124.5,122.5,123.5,3000.0,2900.0,True
2020-01-03 10:38:00,2020-01-03,124.0,125.0,123.0,124.0,3000.0,2900.0,True
2020-01-03 10:39:00,2020-01-03,124.5,125.5,123.5,124.5,3000.0,2900.0,True
2020-01-03 10:40:00,2020-01-03,115.0,116.0,114.0,115.0,3000.0,2900.0,True
2020-01-03 10:41:00,2020-01-03,115.5,116.5,114.5,115.5,3000.0,2900.0,True
2020-01-03 10:42:00,2020-01-03,116.0,117.0,115.0,116.0,3000.0,2900.0,True
2020-01-03 10:43:00,2020-01-03,116.5,117.5,115.5,116.5,3000.0,2900.0,True
2020-01-03 10:44:00,2020-01-03,117.0,118.0,116.0,117.0,3000.0,2900.0,True
2020-01-03 10:45:00,2020-01-03,117.5,118.5,116.5,117.5,3000.0,2900.0,True
2020-01-03 10:46:00,2020-01-03,118.0,119.0,117.0,118.0,3000.0,2900.0,True
2020-01-03 10:47:00,2020-01-03,118.5,119.5,117.5,118.5,3000.0,2900.0,True
2020-01-03 10:48:00,2020-01-03,119.0,120.0,118.0,119.0,3000.0,2900.0,True
2020-01-03 10:49:00,2020-01-03,119.5,120.5,118.5,119.5,3000.0,2900.0,True
2020-01-03 10:50:00,2020-01-03,120.0,121.0,119.0,120.0,3000.0,2900.0,True
2020-01-03 10:51:00,2020-01-03,120.5,121.5,119.5,120.5,3000.0,2900.0,True
2020-01-03 10:52:00,2020-01-03,121.0,122.0,120.0,121.0,3000.0,2900.0,True
2020-01-03 10:53:00,2020-01-03,121.5,122.5,120.5,121.5,3000.0,2900.0,True
2020-01-03 10:54:00,2020-01-03,122.0,123.0,121.0,122.0,3000.0,2900.0,True
2020-01-03 10:55:00,2020-01-03,122.5,123.5,121.5,122.5,3000.0,2900.0,True
2020-01-03 10:56:00,2020-01-03,123.0,124.0,122.0,123.0,3000.0,2900.0,True
2020-01-03 10:57:00,2020-01-03,123.5,124.5,122.5,123.5,3000.0,2900.0,True
2020-01-03 10:58:00,2020-01-03,124.0,125.0,123.0,124.0,3000.0,2900.0,True
2020-01-03 10:59:00,2020-01-03,124.5,125.5,123.5,124.5,3000.0,2900.0,True
2020-01-03 11:00:00,2020-01-03,115.0,116.0,114.0,115.0,3000.0,2900.0,True
2020-01-03 11:01:00,2020-01-03,115.5,116.5,114.5,115.5,3000.0,2900.0,True
2020-01-03 11:02:00,2020-01-03,116.0,117.0,115.0,116.0,3000.0,2900.0,True
2020-01-03 11:03:00,2020-01-03,116.5,117.5,115.5,116.5,3000.0,2900.0,True
2020-01-03 11:04:00,2020-01-03,117.0,118.0,116.0,117.0,3000.0,2900.0,True
2020-01-03 11:05:00,2020-01-03,117.5,118.5,116.5,117.5,3000.0,2900.0,True
2020-01-03 11:06:00,2020-01-03,118.0,119.0,117.0,118.0,3000.0,2900.0,True
2020-01-03 11:07:00,2020-01-03,118.5,119.5,117.5,118.5,3000.0,2900.0,True
2020-01-03 11:08:00,2020-01-03,119.0,120.0,118.0,119.0,3000.0,2900.0,True
2020-01-03 11:09:00,2020-01-03,119.5,120.5,118.5,119.5,3000.0,2900.0,True
2020-01-03 11:10:00,2020-01-03,120.0,121.0,119.0,120.0,3000.0,2900.0,True
2020-01-03 11:11:00,2020-01-03,120.5,121.5,119.5,120.5,3000.0,2900.0,True
2020-01-03 11:12:00,2020-01-03,121.0,122.0,120.0,121.0,3000.0,2900.0,True
2020-01-03 11:13:00,2020-01-03,121.5,122.5,120.5,121.5,3000.0,2900.0,True
2020-01-03 11:14:00,2020-01-03,122.0,123.0,121.0,122.0,3000.0,2900.0,True
2020-01-03 11:15:00,2020-01-03,122.5,123.5,121.5,122.5,3000.0,2900.0,True
2020-01-03 11:16:00,2020-01-03,123.0,124.0,122.0,123.0,3000.0,2900.0,True
2020-01-03 11:17:00,2020-01-03,123.5,124.5,122.5,123.5,3000.0,2900.0,True
2020-01-03 11:18:00,2020-01-03,124.0,125.0,123.0,124.0,3000.0,2900.0,True
2020-01-03 11:19:00,2020-01-03,124.5,125.5,123.5,124.5,3000.0,2900.0,True
2020-01-03 11:20:00,2020-01-03,115.0,116.0,114.0,115.0,3000.0,2900.0,True
2020-01-03 11:21:00,2020-01-03,115.5,116.5,114.5,115.5,3000.0,2900.0,True
2020-01-03 11:22:00,2020-01-03,116.0,117.0,115.0,116.0,3000.0,2900.0,True
2020-01-03 11:23:00,2020-01-03,116.5,117.5,115.5,116.5,3000.0,2900.0,True
2020-01-03 11:24:00,2020-01-03,117.0,118.0,116.0,117.0,3000.0,2900.0,True
2020-01-03 11:25:00,2020-01-03,117.5,118.5,116.5,117.5,3000.0,2900.0,True
2020-01-03 11:26:00,2020-01-03,118.0,119.0,117.0,118.0,3000.0,2900.0,True
2020-01-03 11:27:00,2020-01-03,118.5,119.5,117.5,118.5,3000.0,2900.0,True
2020-01-03 11:28:00,2020-01-03,119.0,120.0,118.0,119.0,3000.0,2900.0,True
2020-01-03 11:29:00,2020-01-03,119.5,120.5,118.5,119.5,3000.0,2900.0,True
2020-01-03 11:30:00,2020-01-03,120.0,121.0,119.0,120.0,3000.0,2900.0,True
2020-01-03 11:31:00,2020-01-03,120.5,121.5,119.5,120.5,3000.0,2900.0,True
2020-01-03 11:32:00,2020-01-03,121.0,122.0,120.0,121.0,3000.0,2900.0,True
2020-01-03 11:33:00,2020-01-03,121.5,122.5,120.5,121.5,3000.0,2900.0,True
2020-01-03 11:34:00,2020-01-03,122.0,123.0,121.0,122.0,3000.0,2900.0,True
2020-01-03 11:35:00,2020-01-03,122.5,123.5,121.5,122.5,3000.0,2900.0,True
2020-01-03 11:36:00,2020-01-03,123.0,124.0,122.0,123.0,3000.0,2900.0,True
2020-01-03 11:37:00,2020-01-03,123.5,124.5,122.5,123.5,3000.0,2900.0,True
2020-01-03 11:38:00,2020-01-03,124.0,125.0,123.0,124.0,3000.0,2900.0,True
2020-01-03 11:39:00,2020-01-03,124.5,125.5,123.5,124.5,3000.0,2900.0,True
2020-01-03 11:40:00,2020-01-03,115.0,116.0,114.0,115.0,3000.0,2900.0,True
2020-01-03 11:41:00,2020-01-03,115.5,116.5,114.5,115.5,3000.0,2900.0,True
2020-01-03 11:42:00,2020-01-03,116.0,117.0,115.0,116.0,3000.0,2900.0,True
2020-01-03 11:43:00,2020-01-03,116.5,117.5,115.5,116.5,3000.0,2900.0,True
2020-01-03 11:44:00,2020-01-03,117.0,118.0,116.0,117.0,3000.0,2900.0,True
2020-01-03 11:45:00,2020-01-03,117.5,118.5,116.5,117.5,3000.0,2900.0,True
2020-01-03 11:46:00,2020-01-03,118.0,119.0,117.0,118.0,3000.0,2900.0,True
2020-01-03 11:47:00,2020-01-03,118.5,119.5,117.5,118.5,3000.0,2900.0,True
2020-01-03 11:48:00,2020-01-03,119.0,120.0,118.0,119.0,3000.0,2900.0,True
2020-01-03 11:49:00,2020-01-03,119.5,120.5,118.5,119.5,3000.0,2900.0,True
2020-01-03 11:50:00,2020-01-03,120.0,121.0,119.0,120.0,3000.0,2900.0,True
2020-01-03 11:51:00,2020-01-03,120.5,121.5,119.5,120.5,3000.0,2900.0,True
2020-01-03 11:52:00,2020-01-03,121.0,122.0,120.0,121.0,3000.0,2900.0,True
2020-01-03 11:53:00,2020-01-03,121.5,122.5,120.5,121.5,3000.0,2900.0,True
2020-01-03 11:54:00,2020-01-03,122.0,123.0,121.0,122.0,3000.0,2900.0,True
2020-01-03 11:55:00,2020-01-03,122.5,123.5,121.5,122.5,3000.0,2900.0,True
2020-01-03 11:56:00,2020-01-03,123.0,124.0,122.0,123.0,3000.0,2900.0,True
2020-01-03 11:57:00,2020-01-03,123.5,124.5,122.5,123.5,3000.0,2900.0,True
2020-01-03 11:58:00,2020-01-03,124.0,125.0,123.0,124.0,3000.0,2900.0,True
2020-01-03 11:59:00,2020-01-03,124.5,125.5,123.5,124.5,3000.0,2900.0,True
2020-01-03 12:00:00,2020-01-03,115.0,116.0,114.0,115.0,3000.0,2900.0,True
2020-01-03 12:01:00,2020-01-03,115.5,116.5,114.5,115.5,3000.0,2900.0,True
2020-01-03 12:02:00,2020-01-03,116.0,117.0,115.0,116.0,3000.0,2900.0,True
2020-01-03 12:03:00,2020-01-03,116.5,117.5,115.5,116.5,3000.0,2900.0,True
2020-01-03 12:04:00,2020-01-03,117.0,118.0,116.0,117.0,3000.0,2900.0,True
2020-01-03 12:05:00,2020-01-03,117.5,118.5,116.5,117.5,3000.0,2900.0,True
2020-01-03 12:06:00,2020-01-03,118.0,119.0,117.0,118.0,3000.0,2900.0,True
2020-01-03 12:07:00,2020-01-03,118.5,119.5,117.5,118.5,3000.0,2900.0,True
2020-01-03 12:08:00,2020-01-03,119.0,120.0,118.0,119.0,3000.0,2900.0,True
2020-01-03 12:09:00,2020-01-03,119.5,120.5,118.5,119.5,3000.0,2900.0,True
2020-01-03 12:10:00,2020-01-03,120.0,121.0,119.0,120.0,3000.0,2900.0,True
2020-01-03 12:11:00,2020-01-03,120.5,121.5,119.5,120.5,3000.0,2900.0,True
2020-01-03 12:12:00,2020-01-03,121.0,122.0,120.0,121.0,3000.0,2900.0,True
2020-01-03 12:13:00,2020-01-03,121.5,122.5,120.5,121.5,3000.0,2900.0,True
2020-01-03 12:14:00,2020-01-03,122.0,123.0,121.0,122.0,3000.0,2900.0,True
2020-01-03 12:15:00,2020-01-03,122.5,123.5,121.5,122.5,3000.0,2900.0,True
2020-01-03 12:16:00,2020-01-03,123.0,124.0,122.0,123.0,3000.0,2900.0,True
2020-01-03 12:17:00,2020-01-03,123.5,124.5,122.5,123.5,3000.0,2900.0,True
2020-01-03 12:18:00,2020-01-03,124.0,125.0,123.0,124.0,3000.0,2900.0,True
2020-01-03 12:19:00,2020-01-03,124.5,125.5,123.5,124.5,3000.0,2900.0,True
2020-01-03 12:20:00,2020-01-03,115.0,116.0,114.0,115.0,3000.0,2900.0,True
2020-01-03 12:21:00,2020-01-03,115.5,116.5,114.5,115.5,3000.0,2900.0,True
2020-01-03 12:22:00,2020-01-03,116.0,117.0,115.0,116.0,3000.0,2900.0,True
2020-01-03 12:23:00,2020-01-03,116.5,117.5,115.5,116.5,3000.0,2900.0,True
2020-01-03 12:24:00,2020-01-03,117.0,118.0,116.0,117.0,3000.0,2900.0,True
2020-01-03 12:25:00,2020-01-03,117.5,118.5,116.5,117.5,3000.0,2900.0,True
2020-01-03 12:26:00,2020-01-03,118.0,119.0,117.0,118.0,3000.0,2900.0,True
2020-01-03 12:27:00,2020-01-03,118.5,119.5,117.5,118.5,3000.0,2900.0,True
2020-01-03 12:28:00,2020-01-03,119.0,120.0,118.0,119.0,3000.0,2900.0,True
2020-01-03 12:29:00,2020-01-03,119.5,120.5,118.5,119.5,3000.0,2900.0,True
2020-01-03 12:30:00,2020-01-03,120.0,121.0,119.0,120.0,3000.0,2900.0,True
2020-01-03 12:31:00,2020-01-03,120.5,121.5,119.5,120.5,3000.0,2900.0,True
2020-01-03 12:32:00,2020-01-03,121.0,122.0,120.0,121.0,3000.0,2900.0,True
2020-01-03 12:33:00,2020-01-03,121.5,122.5,120.5,121.5,3000.0,2900.0,True
2020-01-03 12:34:00,2020-01-03,122.0,123.0,121.0,122.0,3000.0,2900.0,True
2020-01-03 12:35:00,2020-01-03,122.5,123.5,121.5,122.5,3000.0,2900.0,True
2020-01-03 12:36:00,2020-01-03,123.0,124.0,122.0,123.0,3000.0,2900.0,True
2020-01-03 12:37:00,2020-01-03,123.5,124.5,122.5,123.5,3000.0,2900.0,True
2020-01-03 12:38:00,2020-01-03,124.0,125.0,123.0,124.0,3000.0,2900.0,True
2020-01-03 12:39:00,2020-01-03,124.5,125.5,123.5,124.5,3000.0,2900.0,True
2020-01-03 12:40:00,2020-01-03,115.0,116.0,114.0,115.0,3000.0,2900.0,True
2020-01-03 12:41:00,2020-01-03,115.5,116.5,114.5,115.5,3000.0,2900.0,True
2020-01-03 12:42:00,2020-01-03,116.0,117.0,115.0,116.0,3000.0,2900.0,True
2020-01-03 12:43:00,2020-01-03,116.5,117.5,115.5,116.5,3000.0,2900.0,True
2020-01-03 12:44:00,2020-01-03,117.0,118.0,116.0,117.0,3000.0,2900.0,True
2020-01-03 12:45:00,2020-01-03,117.5,118.5,116.5,117.5,3000.0,2900.0,True
2020-01-03 12:46:00,2020-01-03,118.0,119.0,117.0,118.0,3000.0,2900.0,True
2020-01-03 12:47:00,2020-01-03,118.5,119.5,117.5,118.5,3000.0,2900.0,True
2020-01-03 12:48:00,2020-01-03,119.0,120.0,118.0,119.0,3000.0,2900.0,True
2020-01-03 12:49:00,2020-01-03,119.5,120.5,118.5,119.5,3000.0,2900.0,True
2020-01-03 12:50:00,2020-01-03,120.0,121.0,119.0,120.0,3000.0,2900.0,True
2020-01-03 12:51:00,2020-01-03,120.5,121.5,119.5,120.5,3000.0,2900.0,True
2020-01-03 12:52:00,2020-01-03,121.0,122.0,120.0,121.0,3000.0,2900.0,True
2020-01-03 12:53:00,2020-01-03,121.5,122.5,120.5,121.5,3000.0,2900.0,True
2020-01-03 12:54:00,2020-01-03,122.0,123.0,121.0,122.0,3000.0,2900.0,True
2020-01-03 12:55:00,2020-01-03,122.5,123.5,121.5,122.5,3000.0,2900.0,True
2020-01-03 12:56:00,2020-01-03,123.0,124.0,122.0,123.0,3000.0,2900.0,True
2020-01-03 12:57:00,2020-01-03,123.5,124.5,122.5,123.5,3000.0,2900.0,True
2020-01-03 12:58:00,2020-01-03,124.0,125.0,123.0,124.0,3000.0,2900.0,True
2020-01-03 12:59:00,2020-01-03,124.5,125.5,123.5,124.5,3000.0,2900.0,True
2020-01-06 09:00:00,2020-01-06,115.0,116.0,114.0,115.0,3000.0,2900.0,True
2020-01-06 09:01:00,2020-01-06,115.5,116.5,114.5,115.5,3000.0,2900.0,True
2020-01-06 09:02:00,2020-01-06,116.0,117.0,115.0,116.0,3000.0,2900.0,True
2020-01-06 09:03:00,2020-01-06,116.5,117.5,115.5,116.5,3000.0,2900.0,True
2020-01-06 09:04:00,2020-01-06,117.0,118.0,116.0,117.0,3000.0,2900.0,True
2020-01-06 09:05:00,2020-01-06,117.5,118.5,116.5,117.5,3000.0,2900.0,True
2020-01-06 09:06:00,2020-01-06,118.0,119.0,117.0,118.0,3000.0,2900.0,True
2020-01-06 09:07:00,2020-01-06,118.5,119.5,117.5,118.5,3000.0,2900.0,True
2020-01-06 09:08:00,2020-01-06,119.0,120.0,118.0,119.0,3000.0,2900.0,True
2020-01-06 09:09:00,2020-01-06,119.5,120.5,118.5,119.5,3000.0,2900.0,True
2020-01-06 09:10:00,2020-01-06,120.0,121.0,119.0,120.0,3000.0,2900.0,True
2020-01-06 09:11:00,2020-01-06,120.5,121.5,119.5,120.5,3000.0,2900.0,True
2020-01-06 09:12:00,2020-01-06,121.0,122.0,120.0,121.0,3000.0,2900.0,True
2020-01-06 09:13:00,2020-01-06,121.5,122.5,120.5,121.5,3000.0,2900.0,True
2020-01-06 09:14:00,2020-01-06,122.0,123.0,121.0,122.0,3000.0,2900.0,True
2020-01-06 09:15:00,2020-01-06,122.5,123.5,121.5,122.5,3000.0,2900.0,True
2020-01-06 09:16:00,2020-01-06,123.0,124.0,122.0,123.0,3000.0,2900.0,True
2020-01-06 09:17:00,2020-01-06,123.5,124.5,122.5,123.5,3000.0,2900.0,True
2020-01-06 09:18:00,2020-01-06,124.0,125.0,123.0,124.0,3000.0,2900.0,True
2020-01-06 09:19:00,2020-01-06,124.5,125.5,123.5,124.5,3000.0,2900.0,True
2020-01-06 09:20:00,2020-01-06,115.0,116.0,114.0,115.0,3000.0,2900.0,True
2020-01-06 09:21:00,2020-01-06,115.5,116.5,114.5,115.5,3000.0,2900.0,True
2020-01-06 09:22:00,2020-01-06,116.0,117.0,115.0,116.0,3000.0,2900.0,True
2020-01-06 09:23:00,2020-01-06,116.5,117.5,115.5,116.5,3000.0,2900.0,True
2020-01-06 09:24:00,2020-01-06,117.0,118.0,116.0,117.0,3000.0,2900.0,True
2020-01-06 09:25:00,2020-01-06,117.5,118.5,116.5,117.5,3000.0,2900.0,True
2020-01-06 09:26:00,2020-01-06,118.0,119.0,117.0,118.0,3000.0,2900.0,True
2020-01-06 09:27:00,2020-01-06,118.5,119.5,117.5,118.5,3000.0,2900.0,True
2020-01-06 09:28:00,2020-01-06,119.0,120.0,118.0,119.0,3000.0,2900.0,True
2020-01-06 09:29:00,2020-01-06,119.5,120.5,118.5,119.5,3000.0,2900.0,True
2020-01-06 09:30:00,2020-01-06,120.0,121.0,119.0,120.0,3000.0,2900.0,True
2020-01-06 09:31:00,2020-01-06,120.5,121.5,119.5,120.5,3000.0,2900.0,True
2020-01-06 09:32:00,2020-01-06,121.0,122.0,120.0,121.0,3000.0,2900.0,True
2020-01-06 09:33:00,2020-01-06,121.5,122.5,120.5,121.5,3000.0,2900.0,True
2020-01-06 09:34:00,2020-01-06,122.0,123.0,121.0,122.0,3000.0,2900.0,True
2020-01-06 09:35:00,2020-01-06,122.5,123.5,121.5,122.5,3000.0,2900.0,True
2020-01-06 09:36:00,2020-01-06,123.0,124.0,122.0,123.0,3000.0,2900.0,True
2020-01-06 09:37:00,2020-01-06,123.5,124.5,122.5,123.5,3000.0,2900.0,True
2020-01-06 09:38:00,2020-01-06,124.0,125.0,123.0,124.0,3000.0,2900.0,True
2020-01-06 09:39:00,2020-01-06,124.5,125.5,123.5,124.5,3000.0,2900.0,True
2020-01-06 09:40:00,2020-01-06,115.0,116.0,114.0,115.0,3000.0,2900.0,True
2020-01-06 09:41:00,2020-01-06,115.5,116.5,114.5,115.5,3000.0,2900.0,True
2020-01-06 09:42:00,2020-01-06,116.0,117.0,115.0,116.0,3000.0,2900.0,True
2020-01-06 09:43:00,2020-01-06,116.5,117.5,115.5,116.5,3000.0,2900.0,True
2020-01-06 09:44:00,2020-01-06,117.0,118.0,116.0,117.0,3000.0,2900.0,True
2020-01-06 09:45:00,2020-01-06,117.5,118.5,116.5,117.5,3000.0,2900.0,True
2020-01-06 09:46:00,2020-01-06,118.0,119.0,117.0,118.0,3000.0,2900.0,True
2020-01-06 09:47:00,2020-01-06,118.5,119.5,117.5,118.5,3000.0,2900.0,True
2020-01-06 09:48:00,2020-01-06,119.0,120.0,118.0,119.0,3000.0,2900.0,True
2020-01-06 09:49:00,2020-01-06,119.5,120.5,118.5,119.5,3000.0,2900.0,True
2020-01-06 09:50:00,2020-01-06,120.0,121.0,119.0,120.0,3000.0,2900.0,True
2020-01-06 09:51:00,2020-01-06,120.5,121.5,119.5,120.5,3000.0,2900.0,True
2020-01-06 09:52:00,2020-01-06,121.0,122.0,120.0,121.0,3000.0,2900.0,True
2020-01-06 09:53:00,2020-01-06,121.5,122.5,120.5,121.5,3000.0,2900.0,True
2020-01-06 09:54:00,2020-01-06,122.0,123.0,121.0,122.0,3000.0,2900.0,True
2020-01-06 09:55:00,2020-01-06,122.5,123.5,121.5,122.5,3000.0,2900.0,True
2020-01-06 09:56:00,2020-01-06,123.0,124.0,122.0,123.0,3000.0,2900.0,True
2020-01-06 09:57:00,2020-01-06,123.5,124.5,122.5,123.5,3000.0,2900.0,True
2020-01-06 09:58:00,2020-01-06,124.0,125.0,123.0,124.0,3000.0,2900.0,True
2020-01-06 09:59:00,2020-01-06,124.5,125.5,123.5,124.5,3000.0,2900.0,True
2020-01-06 10:00:00,2020-01-06,115.0,116.0,114.0,115.0,3000.0,2900.0,True
2020-01-06 10:01:00,2020-01-06,115.5,116.5,114.5,115.5,3000.0,2900.0,True
2020-01-06 10:02:00,2020-01-06,116.0,117.0,115.0,116.0,3000.0,2900.0,True
2020-01-06 10:03:00,2020-01-06,116.5,117.5,115.5,116.5,3000.0,2900.0,True
2020-01-06 10:04:00,2020-01-06,117.0,118.0,116.0,117.0,3000.0,2900.0,True
2020-01-06 10:05:00,2020-01-06,117.5,118.5,116.5,117.5,3000.0,2900.0,True
2020-01-06 10:06:00,2020-01-06,118.0,119.0,117.0,118.0,3000.0,2900.0,True
2020-01-06 10:07:00,2020-01-06,118.5,119.5,117.5,118.5,3000.0,2900.0,True
2020-01-06 10:08:00,2020-01-06,119.0,120.0,118.0,119.0,3000.0,2900.0,True
2020-01-06 10:09:00,2020-01-06,119.5,120.5,118.5,119.5,3000.0,2900.0,True
2020-01-06 10:10:00,2020-01-06,120.0,121.0,119.0,120.0,3000.0,2900.0,True
2020-01-06 10:11:00,2020-01-06,120.5,121.5,119.5,120.5,3000.0,2900.0,True
2020-01-06 10:12:00,2020-01-06,121.0,122.0,120.0,121.0,3000.0,2900.0,True
2020-01-06 10:13:00,2020-01-06,121.5,122.5,120.5,121.5,3000.0,2900.0,True
2020-01-06 10:14:00,2020-01-06,122.0,123.0,121.0,122.0,3000.0,2900.0,True
2020-01-06 10:15:00,2020-01-06,122.5,123.5,121.5,122.5,3000.0,2900.0,True
2020-01-06 10:16:00,2020-01-06,123.0,124.0,122.0,123.0,3000.0,2900.0,True
2020-01-06 10:17:00,2020-01-06,123.5,124.5,122.5,123.5,3000.0,2900.0,True
2020-01-06 10:18:00,2020-01-06,124.0,125.0,123.0,124.0,3000.0,2900.0,True
2020-01-06 10:19:00,2020-01-06,124.5,125.5,123.5,124.5,3000.0,2900.0,True
2020-01-06 10:20:00,2020-01-06,115.0,116.0,114.0,115.0,3000.0,2900.0,True
2020-01-06 10:21:00,2020-01-06,115.5,116.5,114.5,115.5,3000.0,2900.0,True
2020-01-06 10:22:00,2020-01-06,116.0,117.0,115.0,116.0,3000.0,2900.0,True
2020-01-06 10:23:00,2020-01-06,116.5,117.5,115.5,116.5,3000.0,2900.0,True
2020-01-06 10:24:00,2020-01-06,117.0,118.0,116.0,117.0,3000.0,2900.0,True
2020-01-06 10:25:00,2020-01-06,117.5,118.5,116.5,117.5,3000.0,2900.0,True
2020-01-06 10:26:00,2020-01-06,118.0,119.0,117.0,118.0,3000.0,2900.0,True
2020-01-06 10:27:00,2020-01-06,118.5,119.5,117.5,118.5,3000.0,2900.0,True
2020-01-06 10:28:00,2020-01-06,119.0,120.0,118.0,119.0,3000.0,2900.0,True
2020-01-06 10:29:00,2020-01-06,119.5,120.5,118.5,119.5,3000.0,2900.0,True
2020-01-06 10:30:00,2020-01-06,120.0,121.0,119.0,120.0,3000.0,2900.0,True
2020-01-06 10:31:00,2020-01-06,120.5,121.5,119.5,120.5,3000.0,2900.0,True
2020-01-06 10:32:00,2020-01-06,121.0,122.0,120.0,121.0,3000.0,2900.0,True
2020-01-06 10:33:00,2020-01-06,121.5,122.5,120.5,121.5,3000.0,2900.0,True
2020-01-06 10:34:00,2020-01-06,122.0,123.0,121.0,122.0,3000.0,2900.0,True
2020-01-06 10:35:00,2020-01-06,122.5,123.5,121.5,122.5,3000.0,2900.0,True
2020-01-06 10:36:00,2020-01-06,123.0,124.0,122.0,123.0,3000.0,2900.0,True
2020-01-06 10:37:00,2020-01-06,123.5,124.5,122.5,123.5,3000.0,2900.0,True
2020-01-06 10:38:00,2020-01-06,124.0,125.0,123.0,124.0,3000.0,2900.0,True
2020-01-06 10:39:00,2020-01-06,124.5,125.5,123.5,124.5,3000.0,2900.0,True
2020-01-06 10:40:00,2020-01-06,115.0,116.0,114.0,115.0,3000.0,2900.0,True
2020-01-06 10:41:00,2020-01-06,115.5,116.5,114.5,115.5,3000.0,2900.0,True
2020-01-06 10:42:00,2020-01-06,116.0,117.0,115.0,116.0,3000.0,2900.0,True
2020-01-06 10:43:00,2020-01-06,116.5,117.5,115.5,116.5,3000.0,2900.0,True
2020-01-06 10:44:00,2020-01-06,117.0,118.0,116.0,117.0,3000.0,2900.0,True
2020-01-06 10:45:00,2020-01-06,117.5,118.5,116.5,117.5,3000.0,2900.0,True
2020-01-06 10:46:00,2020-01-06,118.0,119.0,117.0,118.0,3000.0,2900.0,True
2020-01-06 10:47:00,2020-01-06,118.5,119.5,117.5,118.5,3000.0,2900.0,True
2020-01-06 10:48:00,2020-01-06,119.0,120.0,118.0,119.0,3000.0,2900.0,True
2020-01-06 10:49:00,2020-01-06,119.5,120.5,118.5,119.5,3000.0,2900.0,True
2020-01-06 10:50:00,2020-01-06,120.0,121.0,119.0,120.0,3000.0,2900.0,True
2020-01-06 10:51:00,2020-01-06,120.5,121.5,119.5,120.5,3000.0,2900.0,True
2020-01-06 10:52:00,2020-01-06,121.0,122.0,120.0,121.0,3000.0,2900.0,True
2020-01-06 10:53:00,2020-01-06,121.5,122.5,120.5,121.5,3000.0,2900.0,True
2020-01-06 10:54:00,2020-01-06,122.0,123.0,121.0,122.0,3000.0,2900.0,True
2020-01-06 10:55:00,2020-01-06,122.5,123.5,121.5,122.5,3000.0,2900.0,True
2020-01-06 10:56:00,2020-01-06,123.0,124.0,122.0,123.0,3000.0,2900.0,True
2020-01-06 10:57:00,2020-01-06,123.5,124.5,122.5,123.5,3000.0,2900.0,True
2020-01-06 10:58:00,2020-01-06,124.0,125.0,123.0,124.0,3000.0,2900.0,True
2020-01-06 10:59:00,2020-01-06,124.5,125.5,123.5,124.5,3000.0,2900.0,True
2020-01-06 11:00:00,2020-01-06,115.0,116.0,114.0,115.0,3000.0,2900.0,True
2020-01-06 11:01:00,2020-01-06,115.5,116.5,114.5,115.5,3000.0,2900.0,True
2020-01-06 11:02:00,2020-01-06,116.0,117.0,115.0,116.0,3000.0,2900.0,True
2020-01-06 11:03:00,2020-01-06,116.5,117.5,115.5,116.5,3000.0,2900.0,True
2020-01-06 11:04:00,2020-01-06,117.0,118.0,116.0,117.0,3000.0,2900.0,True
2020-01-06 11:05:00,2020-01-06,117.5,118.5,116.5,117.5,3000.0,2900.0,True
2020-01-06 11:06:00,2020-01-06,118.0,119.0,117.0,118.0,3000.0,2900.0,True
2020-01-06 11:07:00,2020-01-06,118.5,119.5,117.5,118.5,3000.0,2900.0,True
2020-01-06 11:08:00,2020-01-06,119.0,120.0,118.0,119.0,3000.0,2900.0,True
2020-01-06 11:09:00,2020-01-06,119.5,120.5,118.5,119.5,3000.0,2900.0,True
2020-01-06 11:10:00,2020-01-06,120.0,121.0,119.0,120.0,3000.0,2900.0,True
2020-01-06 11:11:00,2020-01-06,120.5,121.5,119.5,120.5,3000.0,2900.0,True
2020-01-06 11:12:00,2020-01-06,121.0,122.0,120.0,121.0,3000.0,2900.0,True
2020-01-06 11:13:00,2020-01-06,121.5,122.5,120.5,121.5,3000.0,2900.0,True
2020-01-06 11:14:00,2020-01-06,122.0,123.0,121.0,122.0,3000.0,2900.0,True
2020-01-06 11:15:00,2020-01-06,122.5,123.5,121.5,122.5,3000.0,2900.0,True
2020-01-06 11:16:00,2020-01-06,123.0,124.0,122.0,123.0,3000.0,2900.0,True
2020-01-06 11:17:00,2020-01-06,123.5,124.5,122.5,123.5,3000.0,2900.0,True
2020-01-06 11:18:00,2020-01-06,124.0,125.0,123.0,124.0,3000.0,2900.0,True
2020-01-06 11:19:00,2020-01-06,124.5,125.5,123.5,124.5,3000.0,2900.0,True
2020-01-06 11:20:00,2020-01-06,115.0,116.0,114.0,115.0,3000.0,2900.0,True
2020-01-06 11:21:00,2020-01-06,115.5,116.5,114.5,115.5,3000.0,2900.0,True
2020-01-06 11:22:00,2020-01-06,116.0,117.0,115.0,116.0,3000.0,2900.0,True
2020-01-06 11:23:00,2020-01-06,116.5,117.5,115.5,116.5,3000.0,2900.0,True
2020-01-06 11:24:00,2020-01-06,117.0,118.0,116.0,117.0,3000.0,2900.0,True
2020-01-06 11:25:00,2020-01-06,117.5,118.5,116.5,117.5,3000.0,2900.0,True
2020-01-06 11:26:00,2020-01-06,118.0,119.0,117.0,118.0,3000.0,2900.0,True
2020-01-06 11:27:00,2020-01-06,118.5,119.5,117.5,118.5,3000.0,2900.0,True
2020-01-06 11:28:00,2020-01-06,119.0,120.0,118.0,119.0,3000.0,2900.0,True
2020-01-06 11:29:00,2020-01-06,119.5,120.5,118.5,119.5,3000.0,2900.0,True
2020-01-06 11:30:00,2020-01-06,120.0,121.0,119.0,120.0,3000.0,2900.0,True
2020-01-06 11:31:00,2020-01-06,120.5,121.5,119.5,120.5,3000.0,2900.0,True
2020-01-06 11:32:00,2020-01-06,121.0,122.0,120.0,121.0,3000.0,2900.0,True
2020-01-06 11:33:00,2020-01-06,121.5,122.5,120.5,121.5,3000.0,2900.0,True
2020-01-06 11:34:00,2020-01-06,122.0,123.0,121.0,122.0,3000.0,2900.0,True
2020-01-06 11:35:00,2020-01-06,122.5,123.5,121.5,122.5,3000.0,2900.0,True
2020-01-06 11:36:00,2020-01-06,123.0,124.0,122.0,123.0,3000.0,2900.0,True
2020-01-06 11:37:00,2020-01-06,123.5,124.5,122.5,123.5,3000.0,2900.0,True
2020-01-06 11:38:00,2020-01-06,124.0,125.0,123.0,124.0,3000.0,2900.0,True
2020-01-06 11:39:00,2020-01-06,124.5,125.5,123.5,124.5,3000.0,2900.0,True
2020-01-06 11:40:00,2020-01-06,115.0,116.0,114.0,115.0,3000.0,2900.0,True
2020-01-06 11:41:00,2020-01-06,115.5,116.5,114.5,115.5,3000.0,2900.0,True
2020-01-06 11:42:00,2020-01-06,116.0,117.0,115.0,116.0,3000.0,2900.0,True
2020-01-06 11:43:00,2020-01-06,116.5,117.5,115.5,116.5,3000.0,2900.0,True
2020-01-06 11:44:00,2020-01-06,117.0,118.0,116.0,117.0,3000.0,2900.0,True
2020-01-06 11:45:00,2020-01-06,117.5,118.5,116.5,117.5,3000.0,2900.0,True
2020-01-06 11:46:00,2020-01-06,118.0,119.0,117.0,118.0,3000.0,2900.0,True
2020-01-06 11:47:00,2020-01-06,118.5,119.5,117.5,118.5,3000.0,2900.0,True
2020-01-06 11:48:00,2020-01-06,119.0,120.0,118.0,119.0,3000.0,2900.0,True
2020-01-06 11:49:00,2020-01-06,119.5,120.5,118.5,119.5,3000.0,2900.0,True
2020-01-06 11:50:00,2020-01-06,120.0,121.0,119.0,120.0,3000.0,2900.0,True
2020-01-06 11:51:00,2020-01-06,120.5,121.5,119.5,120.5,3000.0,2900.0,True
2020-01-06 11:52:00,2020-01-06,121.0,122.0,120.0,121.0,3000.0,2900.0,True
2020-01-06 11:53:00,2020-01-06,121.5,122.5,120.5,121.5,3000.0,2900.0,True
2020-01-06 11:54:00,2020-01-06,122.0,123.0,121.0,122.0,3000.0,2900.0,True
2020-01-06 11:55:00,2020-01-06,122.5,123.5,121.5,122.5,3000.0,2900.0,True
2020-01-06 11:56:00,2020-01-06,123.0,124.0,122.0,123.0,3000.0,2900.0,True
2020-01-06 11:57:00,2020-01-06,123.5,124.5,122.5,123.5,3000.0,2900.0,True
2020-01-06 11:58:00,2020-01-06,124.0,125.0,123.0,124.0,3000.0,2900.0,True
2020-01-06 11:59:00,2020-01-06,124.5,125.5,123.5,124.5,3000.0,2900.0,True
2020-01-06 12:00:00,2020-01-06,115.0,116.0,114.0,115.0,3000.0,2900.0,True
2020-01-06 12:01:00,2020-01-06,115.5,116.5,114.5,115.5,3000.0,2900.0,True
2020-01-06 12:02:00,2020-01-06,116.0,117.0,115.0,116.0,3000.0,2900.0,True
2020-01-06 12:03:00,2020-01-06,116.5,117.5,115.5,116.5,3000.0,2900.0,True
2020-01-06 12:04:00,2020-01-06,117.0,118.0,116.0,117.0,3000.0,2900.0,True
2020-01-06 12:05:00,2020-01-06,117.5,118.5,116.5,117.5,3000.0,2900.0,True
2020-01-06 12:06:00,2020-01-06,118.0,119.0,117.0,118.0,3000.0,2900.0,True
2020-01-06 12:07:00,2020-01-06,118.5,119.5,117.5,118.5,3000.0,2900.0,True
2020-01-06 12:08:00,2020-01-06,119.0,120.0,118.0,119.0,3000.0,2900.0,True
2020-01-06 12:09:00,2020-01-06,119.5,120.5,118.5,119.5,3000.0,2900.0,True
2020-01-06 12:10:00,2020-01-06,120.0,121.0,119.0,120.0,3000.0,2900.0,True
2020-01-06 12:11:00,2020-01-06,120.5,121.5,119.5,120.5,3000.0,2900.0,True
2020-01-06 12:12:00,2020-01-06,121.0,122.0,120.0,121.0,3000.0,2900.0,True
2020-01-06 12:13:00,2020-01-06,121.5,122.5,120.5,121.5,3000.0,2900.0,True
2020-01-06 12:14:00,2020-01-06,122.0,123.0,121.0,122.0,3000.0,2900.0,True
2020-01-06 12:15:00,2020-01-06,122.5,123.5,121.5,122.5,3000.0,2900.0,True
2020-01-06 12:16:00,2020-01-06,123.0,124.0,122.0,123.0,3000.0,2900.0,True
2020-01-06 12:17:00,2020-01-06,123.5,124.5,122.5,123.5,3000.0,2900.0,True
2020-01-06 12:18:00,2020-01-06,124.0,125.0,123.0,124.0,3000.0,2900.0,True
2020-01-06 12:19:00,2020-01-06,124.5,125.5,123.5,124.5,3000.0,2900.0,True
2020-01-06 12:20:00,2020-01-06,115.0,116.0,114.0,115.0,3000.0,2900.0,True
2020-01-06 12:21:00,2020-01-06,115.5,116.5,114.5,115.5,3000.0,2900.0,True
2020-01-06 12:22:00,2020-01-06,116.0,117.0,115.0,116.0,3000.0,2900.0,True
2020-01-06 12:23:00,2020-01-06,116.5,117.5,115.5,116.5,3000.0,2900.0,True
2020-01-06 12:24:00,2020-01-06,117.0,118.0,116.0,117.0,3000.0,2900.0,True
2020-01-06 12:25:00,2020-01-06,117.5,118.5,116.5,117.5,3000.0,2900.0,True
2020-01-06 12:26:00,2020-01-06,118.0,119.0,117.0,118.0,3000.0,2900.0,True
2020-01-06 12:27:00,2020-01-06,118.5,119.5,117.5,118.5,3000.0,2900.0,True
2020-01-06 12:28:00,2020-01-06,119.0,120.0,118.0,119.0,3000.0,2900.0,True
2020-01-06 12:29:00,2020-01-06,119.5,120.5,118.5,119.5,3000.0,2900.0,True
2020-01-06 12:30:00,2020-01-06,120.0,121.0,119.0,120.0,3000.0,2900.0,True
2020-01-06 12:31:00,2020-01-06,120.5,121.5,119.5,120.5,3000.0,2900.0,True
2020-01-06 12:32:00,2020-01-06,121.0,122.0,120.0,121.0,3000.0,2900.0,True
2020-01-06 12:33:00,2020-01-06,121.5,122.5,120.5,121.5,3000.0,2900.0,True
2020-01-06 12:34:00,2020-01-06,122.0,123.0,121.0,122.0,3000.0,2900.0,True
2020-01-06 12:35:00,2020-01-06,122.5,123.5,121.5,122.5,3000.0,2900.0,True
2020-01-06 12:36:00,2020-01-06,123.0,124.0,122.0,123.0,3000.0,2900.0,True
2020-01-06 12:37:00,2020-01-06,123.5,124.5,122.5,123.5,3000.0,2900.0,True
2020-01-06 12:38:00,2020-01-06,124.0,125.0,123.0,124.0,3000.0,2900.0,True
2020-01-06 12:39:00,2020-01-06,124.5,125.5,123.5,124.5,3000.0,2900.0,True
2020-01-06 12:40:00,2020-01-06,115.0,116.0,114.0,115.0,3000.0,2900.0,True
2020-01-06 12:41:00,2020-01-06,115.5,116.5,114.5,115.5,3000.0,2900.0,True
2020-01-06 12:42:00,2020-01-06,116.0,117.0,115.0,116.0,3000.0,2900.0,True
2020-01-06 12:43:00,2020-01-06,116.5,117.5,115.5,116.5,3000.0,2900.0,True
2020-01-06 12:44:00,2020-01-06,117.0,118.0,116.0,117.0,3000.0,2900.0,True
2020-01-06 12:45:00,2020-01-06,117.5,118.5,116.5,117.5,3000.0,2900.0,True
2020-01-06 12:46:00,2020-01-06,118.0,119.0,117.0,118.0,3000.0,2900.0,True
2020-01-06 12:47:00,2020-01-06,118.5,119.5,117.5,118.5,3000.0,2900.0,True
2020-01-06 12:48:00,2020-01-06,119.0,120.0,118.0,119.0,3000.0,2900.0,True
2020-01-06 12:49:00,2020-01-06,119.5,120.5,118.5,119.5,3000.0,2900.0,True
2020-01-06 12:50:00,2020-01-06,120.0,121.0,119.0,120.0,3000.0,2900.0,True
2020-01-06 12:51:00,2020-01-06,120.5,121.5,119.5,120.5,3000.0,2900.0,True
2020-01-06 12:52:00,2020-01-06,121.0,122.0,120.0,121.0,3000.0,2900.0,True
2020-01-06 12:53:00,2020-01-06,121.5,122.5,120.5,121.5,3000.0,2900.0,True
2020-01-06 12:54:00,2020-01-06,122.0,123.0,121.0,122.0,3000.0,2900.0,True
2020-01-06 12:55:00,2020-01-06,122.5,123.5,121.5,122.5,3000.0,2900.0,True
2020-01-06 12:56:00,2020-01-06,123.0,124.0,122.0,123.0,3000.0,2900.0,True
2020-01-06 12:57:00,2020-01-06,123.5,124.5,122.5,123.5,3000.0,2900.0,True
2020-01-06 12:58:00,2020-01-06,124.0,125.0,123.0,124.0,3000.0,2900.0,True
2020-01-06 12:59:00,2020-01-06,124.5,125.5,123.5,124.5,3000.0,2900.0,True
2020-01-07 09:00:00,2020-01-07,115.0,116.0,114.0,115.0,3000.0,2900.0,True
2020-01-07 09:01:00,2020-01-07,115.5,116.5,114.5,115.5,3000.0,2900.0,True
2020-01-07 09:02:00,2020-01-07,116.0,117.0,115.0,116.0,3000.0,2900.0,True
2020-01-07 09:03:00,2020-01-07,116.5,117.5,115.5,116.5,3000.0,2900.0,True
2020-01-07 09:04:00,2020-01-07,117.0,118.0,116.0,117.0,3000.0,2900.0,True
2020-01-07 09:05:00,2020-01-07,117.5,118.5,116.5,117.5,3000.0,2900.0,True
2020-01-07 09:06:00,2020-01-07,118.0,119.0,117.0,118.0,3000.0,2900.0,True
2020-01-07 09:07:00,2020-01-07,118.5,119.5,117.5,118.5,3000.0,2900.0,True
2020-01-07 09:08:00,2020-01-07,119.0,120.0,118.0,119.0,3000.0,2900.0,True
2020-01-07 09:09:00,2020-01-07,119.5,120.5,118.5,119.5,3000.0,2900.0,True
2020-01-07 09:10:00,2020-01-07,120.0,121.0,119.0,120.0,3000.0,2900.0,True
2020-01-07 09:11:00,2020-01-07,120.5,121.5,119.5,120.5,3000.0,2900.0,True
2020-01-07 09:12:00,2020-01-07,121.0,122.0,120.0,121.0,3000.0,2900.0,True
2020-01-07 09:13:00,2020-01-07,121.5,122.5,120.5,121.5,3000.0,2900.0,True
2020-01-07 09:14:00,2020-01-07,122.0,123.0,121.0,122.0,3000.0,2900.0,True
2020-01-07 09:15:00,2020-01-07,122.5,123.5,121.5,122.5,3000.0,2900.0,True
2020-01-07 09:16:00,2020-01-07,123.0,124.0,122.0,123.0,3000.0,2900.0,True
2020-01-07 09:17:00,2020-01-07,123.5,124.5,122.5,123.5,3000.0,2900.0,True
2020-01-07 09:18:00,2020-01-07,124.0,125.0,123.0,124.0,3000.0,2900.0,True
2020-01-07 09:19:00,2020-01-07,124.5,125.5,123.5,124.5,3000.0,2900.0,True
2020-01-07 09:20:00,2020-01-07,115.0,116.0,114.0,115.0,3000.0,2900.0,True
2020-01-07 09:21:00,2020-01-07,115.5,116.5,114.5,115.5,3000.0,2900.0,True
2020-01-07 09:22:00,2020-01-07,116.0,117.0,115.0,116.0,3000.0,2900.0,True
2020-01-07 09:23:00,2020-01-07,116.5,117.5,115.5,116.5,3000.0,2900.0,True
2020-01-07 09:24:00,2020-01-07,117.0,118.0,116.0,117.0,3000.0,2900.0,True
2020-01-07 09:25:00,2020-01-07,117.5,118.5,116.5,117.5,3000.0,2900.0,True
2020-01-07 09:26:00,2020-01-07,118.0,119.0,117.0,118.0,3000.0,2900.0,True
2020-01-07 09:27:00,2020-01-07,118.5,119.5,117.5,118.5,3000.0,2900.0,True
2020-01-07 09:28:00,2020-01-07,119.0,120.0,118.0,119.0,3000.0,2900.0,True
2020-01-07 09:29:00,2020-01-07,119.5,120.5,118.5,119.5,3000.0,2900.0,True
2020-01-07 09:30:00,2020-01-07,120.0,121.0,119.0,120.0,3000.0,2900.0,True
2020-01-07 09:31:00,2020-01-07,120.5,121.5,119.5,120.5,3000.0,2900.0,True
2020-01-07 09:32:00,2020-01-07,121.0,122.0,120.0,121.0,3000.0,2900.0,True
2020-01-07 09:33:00,2020-01-07,121.5,122.5,120.5,121.5,3000.0,2900.0,True
2020-01-07 09:34:00,2020-01-07,122.0,123.0,121.0,122.0,3000.0,2900.0,True
2020-01-07 09:35:00,2020-01-07,122.5,123.5,121.5,122.5,3000.0,2900.0,True
2020-01-07 09:36:00,2020-01-07,123.0,124.0,122.0,123.0,3000.0,2900.0,True
2020-01-07 09:37:00,2020-01-07,123.5,124.5,122.5,123.5,3000.0,2900.0,True
2020-01-07 09:38:00,2020-01-07,124.0,125.0,123.0,124.0,3000.0,2900.0,True
2020-01-07 09:39:00,2020-01-07,124.5,125.5,123.5,124.5,3000.0,2900.0,True
2020-01-07 09:40:00,2020-01-07,115.0,116.0,114.0,115.0,3000.0,2900.0,True
2020-01-07 09:41:00,2020-01-07,115.5,116.5,114.5,115.5,3000.0,2900.0,True
2020-01-07 09:42:00,2020-01-07,116.0,117.0,115.0,116.0,3000.0,2900.0,True
2020-01-07 09:43:00,2020-01-07,116.5,117.5,115.5,116.5,3000.0,2900.0,True
2020-01-07 09:44:00,2020-01-07,117.0,118.0,116.0,117.0,3000.0,2900.0,True
2020-01-07 09:45:00,2020-01-07,117.5,118.5,116.5,117.5,3000.0,2900.0,True
2020-01-07 09:46:00,2020-01-07,118.0,119.0,117.0,118.0,3000.0,2900.0,True
2020-01-07 09:47:00,2020-01-07,118.5,119.5,117.5,118.5,3000.0,2900.0,True
2020-01-07 09:48:00,2020-01-07,119.0,120.0,118.0,119.0,3000.0,2900.0,True
2020-01-07 09:49:00,2020-01-07,119.5,120.5,118.5,119.5,3000.0,2900.0,True
2020-01-07 09:50:00,2020-01-07,120.0,121.0,119.0,120.0,3000.0,2900.0,True
2020-01-07 09:51:00,2020-01-07,120.5,121.5,119.5,120.5,3000.0,2900.0,True
2020-01-07 09:52:00,2020-01-07,121.0,122.0,120.0,121.0,3000.0,2900.0,True
2020-01-07 09:53:00,2020-01-07,121.5,122.5,120.5,121.5,3000.0,2900.0,True
2020-01-07 09:54:00,2020-01-07,122.0,123.0,121.0,122.0,3000.0,2900.0,True
2020-01-07 09:55:00,2020-01-07,122.5,123.5,121.5,122.5,3000.0,2900.0,True
2020-01-07 09:56:00,2020-01-07,123.0,124.0,122.0,123.0,3000.0,2900.0,True
2020-01-07 09:57:00,2020-01-07,123.5,124.5,122.5,123.5,3000.0,2900.0,True
2020-01-07 09:58:00,2020-01-07,124.0,125.0,123.0,124.0,3000.0,2900.0,True
2020-01-07 09:59:00,2020-01-07,124.5,125.5,123.5,124.5,3000.0,2900.0,True
2020-01-07 10:00:00,2020-01-07,115.0,116.0,114.0,115.0,3000.0,2900.0,True
2020-01-07 10:01:00,2020-01-07,115.5,116.5,114.5,115.5,3000.0,2900.0,True
2020-01-07 10:02:00,2020-01-07,116.0,117.0,115.0,116.0,3000.0,2900.0,True
2020-01-07 10:03:00,2020-01-07,116.5,117.5,115.5,116.5,3000.0,2900.0,True
2020-01-07 10:04:00,2020-01-07,117.0,118.0,116.0,117.0,3000.0,2900.0,True
2020-01-07 10:05:00,2020-01-07,117.5,118.5,116.5,117.5,3000.0,2900.0,True
2020-01-07 10:06:00,2020-01-07,118.0,119.0,117.0,118.0,3000.0,2900.0,True
2020-01-07 10:07:00,2020-01-07,118.5,119.5,117.5,118.5,3000.0,2900.0,True
2020-01-07 10:08:00,2020-01-07,119.0,120.0,118.0,119.0,3000.0,2900.0,True
2020-01-07 10:09:00,2020-01-07,119.5,120.5,118.5,119.5,3000.0,2900.0,True
2020-01-07 10:10:00,2020-01-07,120.0,121.0,119.0,120.0,3000.0,2900.0,True
2020-01-07 10:11:00,2020-01-07,120.5,121.5,119.5,120.5,3000.0,2900.0,True
2020-01-07 10:12:00,2020-01-07,121.0,122.0,120.0,121.0,3000.0,2900.0,True
2020-01-07 10:13:00,2020-01-07,121.5,122.5,120.5,121.5,3000.0,2900.0,True
2020-01-07 10:14:00,2020-01-07,122.0,123.0,121.0,122.0,3000.0,2900.0,True
2020-01-07 10:15:00,2020-01-07,122.5,123.5,121.5,122.5,3000.0,2900.0,True
2020-01-07 10:16:00,2020-01-07,123.0,124.0,122.0,123.0,3000.0,2900.0,True
2020-01-07 10:17:00,2020-01-07,123.5,124.5,122.5,123.5,3000.0,2900.0,True
2020-01-07 10:18:00,2020-01-07,124.0,125.0,123.0,124.0,3000.0,2900.0,True
2020-01-07 10:19:00,2020-01-07,124.5,125.5,123.5,124.5,3000.0,2900.0,True
2020-01-07 10:20:00,2020-01-07,115.0,116.0,114.0,115.0,3000.0,2900.0,True
2020-01-07 10:21:00,2020-01-07,115.5,116.5,114.5,115.5,3000.0,2900.0,True
2020-01-07 10:22:00,2020-01-07,116.0,117.0,115.0,116.0,3000.0,2900.0,True
2020-01-07 10:23:00,2020-01-07,116.5,117.5,115.5,116.5,3000.0,2900.0,True
2020-01-07 10:24:00,2020-01-07,117.0,118.0,116.0,117.0,3000.0,2900.0,True
2020-01-07 10:25:00,2020-01-07,117.5,118.5,116.5,117.5,3000.0,2900.0,True
2020-01-07 10:26:00,2020-01-07,118.0,119.0,117.0,118.0,3000.0,2900.0,True
2020-01-07 10:27:00,2020-01-07,118.5,119.5,117.5,118.5,3000.0,2900.0,True
2020-01-07 10:28:00,2020-01-07,119.0,120.0,118.0,119.0,3000.0,2900.0,True
2020-01-07 10:29:00,2020-01-07,119.5,120.5,118.5,119.5,3000.0,2900.0,True
2020-01-07 10:30:00,2020-01-07,120.0,121.0,119.0,120.0,3000.0,2900.0,True
2020-01-07 10:31:00,2020-01-07,120.5,121.5,119.5,120.5,3000.0,2900.0,True
2020-01-07 10:32:00,2020-01-07,121.0,122.0,120.0,121.0,3000.0,2900.0,True
2020-01-07 10:33:00,2020-01-07,121.5,122.5,120.5,121.5,3000.0,2900.0,True
2020-01-07 10:34:00,2020-01-07,122.0,123.0,121.0,122.0,3000.0,2900.0,True
2020-01-07 10:35:00,2020-01-07,122.5,123.5,121.5,122.5,3000.0,2900.0,True
2020-01-07 10:36:00,2020-01-07,123.0,124.0,122.0,123.0,3000.0,2900.0,True
2020-01-07 10:37:00,2020-01-07,123.5,124.5,122.5,123.5,3000.0,2900.0,True
2020-01-07 10:38:00,2020-01-07,124.0,125.0,123.0,124.0,3000.0,2900.0,True
2020-01-07 10:39:00,2020-01-07,124.5,125.5,123.5,124.5,3000.0,2900.0,True
2020-01-07 10:40:00,2020-01-07,115.0,116.0,114.0,115.0,3000.0,2900.0,True
2020-01-07 10:41:00,2020-01-07,115.5,116.5,114.5,115.5,3000.0,2900.0,True
2020-01-07 10:42:00,2020-01-07,116.0,117.0,115.0,116.0,3000.0,2900.0,True
2020-01-07 10:43:00,2020-01-07,116.5,117.5,115.5,116.5,3000.0,2900.0,True
2020-01-07 10:44:00,2020-01-07,117.0,118.0,116.0,117.0,3000.0,2900.0,True
2020-01-07 10:45:00,2020-01-07,117.5,118.5,116.5,117.5,3000.0,2900.0,True
2020-01-07 10:46:00,2020-01-07,118.0,119.0,117.0,118.0,3000.0,2900.0,True
2020-01-07 10:47:00,2020-01-07,118.5,119.5,117.5,118.5,3000.0,2900.0,True
2020-01-07 10:48:00,2020-01-07,119.0,120.0,118.0,119.0,3000.0,2900.0,True
2020-01-07 10:49:00,2020-01-07,119.5,120.5,118.5,119.5,3000.0,2900.0,True
2020-01-07 10:50:00,2020-01-07,120.0,121.0,119.0,120.0,3000.0,2900.0,True
2020-01-07 10:51:00,2020-01-07,120.5,121.5,119.5,120.5,3000.0,2900.0,True
2020-01-07 10:52:00,2020-01-07,121.0,122.0,120.0,121.0,3000.0,2900.0,True
2020-01-07 10:53:00,2020-01-07,121.5,122.5,120.5,121.5,3000.0,2900.0,True
2020-01-07 10:54:00,2020-01-07,122.0,123.0,121.0,122.0,3000.0,2900.0,True
2020-01-07 10:55:00,2020-01-07,122.5,123.5,121.5,122.5,3000.0,2900.0,True
2020-01-07 10:56:00,2020-01-07,123.0,124.0,122.0,123.0,3000.0,2900.0,True
2020-01-07 10:57:00,2020-01-07,123.5,124.5,122.5,123.5,3000.0,2900.0,True
2020-01-07 10:58:00,2020-01-07,124.0,125.0,123.0,124.0,3000.0,2900.0,True
2020-01-07 10:59:00,2020-01-07,124.5,125.5,123.5,124.5,3000.0,2900.0,True
2020-01-07 11:00:00,2020-01-07,115.0,116.0,114.0,115.0,3000.0,2900.0,True
2020-01-07 11:01:00,2020-01-07,115.5,116.5,114.5,115.5,3000.0,2900.0,True
2020-01-07 11:02:00,2020-01-07,116.0,117.0,115.0,116.0,3000.0,2900.0,True
2020-01-07 11:03:00,2020-01-07,116.5,117.5,115.5,116.5,3000.0,2900.0,True
2020-01-07 11:04:00,2020-01-07,117.0,118.0,116.0,117.0,3000.0,2900.0,True
2020-01-07 11:05:00,2020-01-07,117.5,118.5,116.5,117.5,3000.0,2900.0,True
2020-01-07 11:06:00,2020-01-07,118.0,119.0,117.0,118.0,3000.0,2900.0,True
2020-01-07 11:07:00,2020-01-07,118.5,119.5,117.5,118.5,3000.0,2900.0,True
2020-01-07 11:08:00,2020-01-07,119.0,120.0,118.0,119.0,3000.0,2900.0,True
2020-01-07 11:09:00,2020-01-07,119.5,120.5,118.5,119.5,3000.0,2900.0,True
2020-01-07 11:10:00,2020-01-07,120.0,121.0,119.0,120.0,3000.0,2900.0,True
2020-01-07 11:11:00,2020-01-07,120.5,121.5,119.5,120.5,3000.0,2900.0,True
2020-01-07 11:12:00,2020-01-07,121.0,122.0,120.0,121.0,3000.0,2900.0,True
2020-01-07 11:13:00,2020-01-07,121.5,122.5,120.5,121.5,3000.0,2900.0,True
2020-01-07 11:14:00,2020-01-07,122.0,123.0,121.0,122.0,3000.0,2900.0,True
2020-01-07 11:15:00,2020-01-07,122.5,123.5,121.5,122.5,3000.0,2900.0,True
2020-01-07 11:16:00,2020-01-07,123.0,124.0,122.0,123.0,3000.0,2900.0,True
2020-01-07 11:17:00,2020-01-07,123.5,124.5,122.5,123.5,3000.0,2900.0,True
2020-01-07 11:18:00,2020-01-07,124.0,125.0,123.0,124.0,3000.0,2900.0,True
2020-01-07 11:19:00,2020-01-07,124.5,125.5,123.5,124.5,3000.0,2900.0,True
2020-01-07 11:20:00,2020-01-07,115.0,116.0,114.0,115.0,3000.0,2900.0,True
2020-01-07 11:21:00,2020-01-07,115.5,116.5,114.5,115.5,3000.0,2900.0,True
2020-01-07 11:22:00,2020-01-07,116.0,117.0,115.0,116.0,3000.0,2900.0,True
2020-01-07 11:23:00,2020-01-07,116.5,117.5,115.5,116.5,3000.0,2900.0,True
2020-01-07 11:24:00,2020-01-07,117.0,118.0,116.0,117.0,3000.0,2900.0,True
2020-01-07 11:25:00,2020-01-07,117.5,118.5,116.5,117.5,3000.0,2900.0,True
2020-01-07 11:26:00,2020-01-07,118.0,119.0,117.0,118.0,3000.0,2900.0,True
2020-01-07 11:27:00,2020-01-07,118.5,119.5,117.5,118.5,3000.0,2900.0,True
2020-01-07 11:28:00,2020-01-07,119.0,120.0,118.0,119.0,3000.0,2900.0,True
2020-01-07 11:29:00,2020-01-07,119.5,120.5,118.5,119.5,3000.0,2900.0,True
2020-01-07 11:30:00,2020-01-07,120.0,121.0,119.0,120.0,3000.0,2900.0,True
2020-01-07 11:31:00,2020-01-07,120.5,121.5,119.5,120.5,3000.0,2900.0,True
2020-01-07 11:32:00,2020-01-07,121.0,122.0,120.0,121.0,3000.0,2900.0,True
2020-01-07 11:33:00,2020-01-07,121.5,122.5,120.5,121.5,3000.0,2900.0,True
2020-01-07 11:34:00,2020-01-07,122.0,123.0,121.0,122.0,3000.0,2900.0,True
2020-01-07 11:35:00,2020-01-07,122.5,123.5,121.5,122.5,3000.0,2900.0,True
2020-01-07 11:36:00,2020-01-07,123.0,124.0,122.0,123.0,3000.0,2900.0,True
2020-01-07 11:37:00,2020-01-07,123.5,124.5,122.5,123.5,3000.0,2900.0,True
2020-01-07 11:38:00,2020-01-07,124.0,125.0,123.0,124.0,3000.0,2900.0,True
2020-01-07 11:39:00,2020-01-07,124.5,125.5,123.5,124.5,3000.0,2900.0,True
2020-01-07 11:40:00,2020-01-07,115.0,116.0,114.0,115.0,3000.0,2900.0,True
2020-01-07 11:41:00,2020-01-07,115.5,116.5,114.5,115.5,3000.0,2900.0,True
2020-01-07 11:42:00,2020-01-07,116.0,117.0,115.0,116.0,3000.0,2900.0,True
2020-01-07 11:43:00,2020-01-07,116.5,117.5,115.5,116.5,3000.0,2900.0,True
2020-01-07 11:44:00,2020-01-07,117.0,118.0,116.0,117.0,3000.0,2900.0,True
2020-01-07 11:45:00,2020-01-07,117.5,118.5,116.5,117.5,3000.0,2900.0,True
2020-01-07 11:46:00,2020-01-07,118.0,119.0,117.0,118.0,3000.0,2900.0,True
2020-01-07 11:47:00,2020-01-07,118.5,119.5,117.5,118.5,3000.0,2900.0,True
2020-01-07 11:48:00,2020-01-07,119.0,120.0,118.0,119.0,3000.0,2900.0,True
2020-01-07 11:49:00,2020-01-07,119.5,120.5,118.5,119.5,3000.0,2900.0,True
2020-01-07 11:50:00,2020-01-07,120.0,121.0,119.0,120.0,3000.0,2900.0,True
2020-01-07 11:51:00,2020-01-07,120.5,121.5,119.5,120.5,3000.0,2900.0,True
2020-01-07 11:52:00,2020-01-07,121.0,122.0,120.0,121.0,3000.0,2900.0,True
2020-01-07 11:53:00,2020-01-07,121.5,122.5,120.5,121.5,3000.0,2900.0,True
2020-01-07 11:54:00,2020-01-07,122.0,123.0,121.0,122.0,3000.0,2900.0,True
2020-01-07 11:55:00,2020-01-07,122.5,123.5,121.5,122.5,3000.0,2900.0,True
2020-01-07 11:56:00,2020-01-07,123.0,124.0,122.0,123.0,3000.0,2900.0,True
2020-01-07 11:57:00,2020-01-07,123.5,124.5,122.5,123.5,3000.0,2900.0,True
2020-01-07 11:58:00,2020-01-07,124.0,125.0,123.0,124.0,3000.0,2900.0,True
2020-01-07 11:59:00,2020-01-07,124.5,125.5,123.5,124.5,3000.0,2900.0,True
2020-01-07 12:00:00,2020-01-07,115.0,116.0,114.0,115.0,3000.0,2900.0,True
2020-01-07 12:01:00,2020-01-07,115.5,116.5,114.5,115.5,3000.0,2900.0,True
2020-01-07 12:02:00,2020-01-07,116.0,117.0,115.0,116.0,3000.0,2900.0,True
2020-01-07 12:03:00,2020-01-07,116.5,117.5,115.5,116.5,3000.0,2900.0,True
2020-01-07 12:04:00,2020-01-07,117.0,118.0,116.0,117.0,3000.0,2900.0,True
2020-01-07 12:05:00,2020-01-07,117.5,118.5,116.5,117.5,3000.0,2900.0,True
2020-01-07 12:06:00,2020-01-07,118.0,119.0,117.0,118.0,3000.0,2900.0,True
2020-01-07 12:07:00,2020-01-07,118.5,119.5,117.5,118.5,3000.0,2900.0,True
2020-01-07 12:08:00,2020-01-07,119.0,120.0,118.0,119.0,3000.0,2900.0,True
2020-01-07 12:09:00,2020-01-07,119.5,120.5,118.5,119.5,3000.0,2900.0,True
2020-01-07 12:10:00,2020-01-07,120.0,121.0,119.0,120.0,3000.0,2900.0,True
2020-01-07 12:11:00,2020-01-07,120.5,121.5,119.5,120.5,3000.0,2900.0,True
2020-01-07 12:12:00,2020-01-07,121.0,122.0,120.0,121.0,3000.0,2900.0,True
2020-01-07 12:13:00,2020-01-07,121.5,122.5,120.5,121.5,3000.0,2900.0,True
2020-01-07 12:14:00,2020-01-07,122.0,123.0,121.0,122.0,3000.0,2900.0,True
2020-01-07 12:15:00,2020-01-07,122.5,123.5,121.5,122.5,3000.0,2900.0,True
2020-01-07 12:16:00,2020-01-07,123.0,124.0,122.0,123.0,3000.0,2900.0,True
2020-01-07 12:17:00,2020-01-07,123.5,124.5,122.5,123.5,3000.0,2900.0,True
2020-01-07 12:18:00,2020-01-07,124.0,125.0,123.0,124.0,3000.0,2900.0,True
2020-01-07 12:19:00,2020-01-07,124.5,125.5,123.5,124.5,3000.0,2900.0,True
2020-01-07 12:20:00,2020-01-07,115.0,116.0,114.0,115.0,3000.0,2900.0,True
2020-01-07 12:21:00,2020-01-07,115.5,116.5,114.5,115.5,3000.0,2900.0,True
2020-01-07 12:22:00,2020-01-07,116.0,117.0,115.0,116.0,3000.0,2900.0,True
2020-01-07 12:23:00,2020-01-07,116.5,117.5,115.5,116.5,3000.0,2900.0,True
2020-01-07 12:24:00,2020-01-07,117.0,118.0,116.0,117.0,3000.0,2900.0,True
2020-01-07 12:25:00,2020-01-07,117.5,118.5,116.5,117.5,3000.0,2900.0,True
2020-01-07 12:26:00,2020-01-07,118.0,119.0,117.0,118.0,3000.0,2900.0,True
2020-01-07 12:27:00,2020-01-07,118.5,119.5,117.5,118.5,3000.0,2900.0,True
2020-01-07 12:28:00,2020-01-07,119.0,120.0,118.0,119.0,3000.0,2900.0,True
2020-01-07 12:29:00,2020-01-07,119.5,120.5,118.5,119.5,3000.0,2900.0,True
2020-01-07 12:30:00,2020-01-07,120.0,121.0,119.0,120.0,3000.0,2900.0,True
2020-01-07 12:31:00,2020-01-07,120.5,121.5,119.5,120.5,3000.0,2900.0,True
2020-01-07 12:32:00,2020-01-07,121.0,122.0,120.0,121.0,3000.0,2900.0,True
2020-01-07 12:33:00,2020-01-07,121.5,122.5,120.5,121.5,3000.0,2900.0,True
2020-01-07 12:34:00,2020-01-07,122.0,123.0,121.0,122.0,3000.0,2900.0,True
2020-01-07 12:35:00,2020-01-07,122.5,123.5,121.5,122.5,3000.0,2900.0,True
2020-01-07 12:36:00,2020-01-07,123.0,124.0,122.0,123.0,3000.0,2900.0,True
2020-01-07 12:37:00,2020-01-07,123.5,124.5,122.5,123.5,3000.0,2900.0,True
2020-01-07 12:38:00,2020-01-07,124.0,125.0,123.0,124.0,3000.0,2900.0,True
2020-01-07 12:39:00,2020-01-07,124.5,125.5,123.5,124.5,3000.0,2900.0,True
2020-01-07 12:40:00,2020-01-07,115.0,116.0,114.0,115.0,3000.0,2900.0,True
2020-01-07 12:41:00,2020-01-07,115.5,116.5,114.5,115.5,3000.0,2900.0,True
2020-01-07 12:42:00,2020-01-07,116.0,117.0,115.0,116.0,3000.0,2900.0,True
2020-01-07 12:43:00,2020-01-07,116.5,117.5,115.5,116.5,3000.0,2900.0,True
2020-01-07 12:44:00,2020-01-07,117.0,118.0,116.0,117.0,3000.0,2900.0,True
2020-01-07 12:45:00,2020-01-07,117.5,118.5,116.5,117.5,3000.0,2900.0,True
2020-01-07 12:46:00,2020-01-07,118.0,119.0,117.0,118.0,3000.0,2900.0,True
2020-01-07 12:47:00,2020-01-07,118.5,119.5,117.5,118.5,3000.0,2900.0,True
2020-01-07 12:48:00,2020-01-07,119.0,120.0,118.0,119.0,3000.0,2900.0,True
2020-01-07 12:49:00,2020-01-07,119.5,120.5,118.5,119.5,3000.0,2900.0,True
2020-01-07 12:50:00,2020-01-07,120.0,121.0,119.0,120.0,3000.0,2900.0,True
2020-01-07 12:51:00,2020-01-07,120.5,121.5,119.5,120.5,3000.0,2900.0,True
2020-01-07 12:52:00,2020-01-07,121.0,122.0,120.0,121.0,3000.0,2900.0,True
2020-01-07 12:53:00,2020-01-07,121.5,122.5,120.5,121.5,3000.0,2900.0,True
2020-01-07 12:54:00,2020-01-07,122.0,123.0,121.0,122.0,3000.0,2900.0,True
2020-01-07 12:55:00,2020-01-07,122.5,123.5,121.5,122.5,3000.0,2900.0,True
2020-01-07 12:56:00,2020-01-07,123.0,124.0,122.0,123.0,3000.0,2900.0,True
2020-01-07 12:57:00,2020-01-07,123.5,124.5,122.5,123.5,3000.0,2900.0,True
2020-01-07 12:58:00,2020-01-07,124.0,125.0,123.0,124.0,3000.0,2900.0,True
2020-01-07 12:59:00,2020-01-07,124.5,125.5,123.5,124.5,3000.0,2900.0,True
2020-01-08 09:00:00,2020-01-08,115.0,116.0,114.0,115.0,3000.0,2900.0,True
2020-01-08 09:01:00,2020-01-08,115.5,116.5,114.5,115.5,3000.0,2900.0,True
2020-01-08 09:02:00,2020-01-08,116.0,117.0,115.0,116.0,3000.0,2900.0,True
2020-01-08 09:03:00,2020-01-08,116.5,117.5,115.5,116.5,3000.0,2900.0,True
2020-01-08 09:04:00,2020-01-08,117.0,118.0,116.0,117.0,3000.0,2900.0,True
2020-01-08 09:05:00,2020-01-08,117.5,118.5,116.5,117.5,3000.0,2900.0,True
2020-01-08 09:06:00,2020-01-08,118.0,119.0,117.0,118.0,3000.0,2900.0,True
2020-01-08 09:07:00,2020-01-08,118.5,119.5,117.5,118.5,3000.0,2900.0,True
2020-01-08 09:08:00,2020-01-08,119.0,120.0,118.0,119.0,3000.0,2900.0,True
2020-01-08 09:09:00,2020-01-08,119.5,120.5,118.5,119.5,3000.0,2900.0,True
2020-01-08 09:10:00,2020-01-08,120.0,121.0,119.0,120.0,3000.0,2900.0,True
2020-01-08 09:11:00,2020-01-08,120.5,121.5,119.5,120.5,3000.0,2900.0,True
2020-01-08 09:12:00,2020-01-08,121.0,122.0,120.0,121.0,3000.0,2900.0,True
2020-01-08 09:13:00,2020-01-08,121.5,122.5,120.5,121.5,3000.0,2900.0,True
2020-01-08 09:14:00,2020-01-08,122.0,123.0,121.0,122.0,3000.0,2900.0,True
2020-01-08 09:15:00,2020-01-08,122.5,123.5,121.5,122.5,3000.0,2900.0,True
2020-01-08 09:16:00,2020-01-08,123.0,124.0,122.0,123.0,3000.0,2900.0,True
2020-01-08 09:17:00,2020-01-08,123.5,124.5,122.5,123.5,3000.0,2900.0,True
2020-01-08 09:18:00,2020-01-08,124.0,125.0,123.0,124.0,3000.0,2900.0,True
2020-01-08 09:19:00,2020-01-08,124.5,125.5,123.5,124.5,3000.0,2900.0,True
2020-01-08 09:20:00,2020-01-08,115.0,116.0,114.0,115.0,3000.0,2900.0,True
2020-01-08 09:21:00,2020-01-08,115.5,116.5,114.5,115.5,3000.0,2900.0,True
2020-01-08 09:22:00,2020-01-08,116.0,117.0,115.0,116.0,3000.0,2900.0,True
2020-01-08 09:23:00,2020-01-08,116.5,117.5,115.5,116.5,3000.0,2900.0,True
2020-01-08 09:24:00,2020-01-08,117.0,118.0,116.0,117.0,3000.0,2900.0,True
2020-01-08 09:25:00,2020-01-08,117.5,118.5,116.5,117.5,3000.0,2900.0,True
2020-01-08 09:26:00,2020-01-08,118.0,119.0,117.0,118.0,3000.0,2900.0,True
2020-01-08 09:27:00,2020-01-08,118.5,119.5,117.5,118.5,3000.0,2900.0,True
2020-01-08 09:28:00,2020-01-08,119.0,120.0,118.0,119.0,3000.0,2900.0,True
2020-01-08 09:29:00,2020-01-08,119.5,120.5,118.5,119.5,3000.0,2900.0,True
2020-01-08 09:30:00,2020-01-08,120.0,121.0,119.0,120.0,3000.0,2900.0,True
2020-01-08 09:31:00,2020-01-08,120.5,121.5,119.5,120.5,3000.0,2900.0,True
2020-01-08 09:32:00,2020-01-08,121.0,122.0,120.0,121.0,3000.0,2900.0,True
2020-01-08 09:33:00,2020-01-08,121.5,122.5,120.5,121.5,3000.0,2900.0,True
2020-01-08 09:34:00,2020-01-08,122.0,123.0,121.0,122.0,3000.0,2900.0,True
2020-01-08 09:35:00,2020-01-08,122.5,123.5,121.5,122.5,3000.0,2900.0,True
2020-01-08 09:36:00,2020-01-08,123.0,124.0,122.0,123.0,3000.0,2900.0,True
2020-01-08 09:37:00,2020-01-08,123.5,124.5,122.5,123.5,3000.0,2900.0,True
2020-01-08 09:38:00,2020-01-08,124.0,125.0,123.0,124.0,3000.0,2900.0,True
2020-01-08 09:39:00,2020-01-08,124.5,125.5,123.5,124.5,3000.0,2900.0,True
2020-01-08 09:40:00,2020-01-08,115.0,116.0,114.0,115.0,3000.0,2900.0,True
2020-01-08 09:41:00,2020-01-08,115.5,116.5,114.5,115.5,3000.0,2900.0,True
2020-01-08 09:42:00,2020-01-08,116.0,117.0,115.0,116.0,3000.0,2900.0,True
2020-01-08 09:43:00,2020-01-08,116.5,117.5,115.5,116.5,3000.0,2900.0,True
2020-01-08 09:44:00,2020-01-08,117.0,118.0,116.0,117.0,3000.0,2900.0,True
2020-01-08 09:45:00,2020-01-08,117.5,118.5,116.5,117.5,3000.0,2900.0,True
2020-01-08 09:46:00,2020-01-08,118.0,119.0,117.0,118.0,3000.0,2900.0,True
2020-01-08 09:47:00,2020-01-08,118.5,119.5,117.5,118.5,3000.0,2900.0,True
2020-01-08 09:48:00,2020-01-08,119.0,120.0,118.0,119.0,3000.0,2900.0,True
2020-01-08 09:49:00,2020-01-08,119.5,120.5,118.5,119.5,3000.0,2900.0,True
2020-01-08 09:50:00,2020-01-08,120.0,121.0,119.0,120.0,3000.0,2900.0,True
2020-01-08 09:51:00,2020-01-08,120.5,121.5,119.5,120.5,3000.0,2900.0,True
2020-01-08 09:52:00,2020-01-08,121.0,122.0,120.0,121.0,3000.0,2900.0,True
2020-01-08 09:53:00,2020-01-08,121.5,122.5,120.5,121.5,3000.0,2900.0,True
2020-01-08 09:54:00,2020-01-08,122.0,123.0,121.0,122.0,3000.0,2900.0,True
2020-01-08 09:55:00,2020-01-08,122.5,123.5,121.5,122.5,3000.0,2900.0,True
2020-01-08 09:56:00,2020-01-08,123.0,124.0,122.0,123.0,3000.0,2900.0,True
2020-01-08 09:57:00,2020-01-08,123.5,124.5,122.5,123.5,3000.0,2900.0,True
2020-01-08 09:58:00,2020-01-08,124.0,125.0,123.0,124.0,3000.0,2900.0,True
2020-01-08 09:59:00,2020-01-08,124.5,125.5,123.5,124.5,3000.0,2900.0,True
2020-01-08 10:00:00,2020-01-08,115.0,116.0,114.0,115.0,3000.0,2900.0,True
2020-01-08 10:01:00,2020-01-08,115.5,116.5,114.5,115.5,3000.0,2900.0,True
2020-01-08 10:02:00,2020-01-08,116.0,117.0,115.0,116.0,3000.0,2900.0,True
2020-01-08 10:03:00,2020-01-08,116.5,117.5,115.5,116.5,3000.0,2900.0,True
2020-01-08 10:04:00,2020-01-08,117.0,118.0,116.0,117.0,3000.0,2900.0,True
2020-01-08 10:05:00,2020-01-08,117.5,118.5,116.5,117.5,3000.0,2900.0,True
2020-01-08 10:06:00,2020-01-08,118.0,119.0,117.0,118.0,3000.0,2900.0,True
2020-01-08 10:07:00,2020-01-08,118.5,119.5,117.5,118.5,3000.0,2900.0,True
2020-01-08 10:08:00,2020-01-08,119.0,120.0,118.0,119.0,3000.0,2900.0,True
2020-01-08 10:09:00,2020-01-08,119.5,120.5,118.5,119.5,3000.0,2900.0,True
2020-01-08 10:10:00,2020-01-08,120.0,121.0,119.0,120.0,3000.0,2900.0,True
2020-01-08 10:11:00,2020-01-08,120.5,121.5,119.5,120.5,3000.0,2900.0,True
2020-01-08 10:12:00,2020-01-08,121.0,122.0,120.0,121.0,3000.0,2900.0,True
2020-01-08 10:13:00,2020-01-08,121.5,122.5,120.5,121.5,3000.0,2900.0,True
2020-01-08 10:14:00,2020-01-08,122.0,123.0,121.0,122.0,3000.0,2900.0,True
2020-01-08 10:15:00,2020-01-08,122.5,123.5,121.5,122.5,3000.0,2900.0,True
2020-01-08 10:16:00,2020-01-08,123.0,124.0,122.0,123.0,3000.0,2900.0,True
2020-01-08 10:17:00,2020-01-08,123.5,124.5,122.5,123.5,3000.0,2900.0,True
2020-01-08 10:18:00,2020-01-08,124.0,125.0,123.0,124.0,3000.0,2900.0,True
2020-01-08 10:19:00,2020-01-08,124.5,125.5,123.5,124.5,3000.0,2900.0,True
2020-01-08 10:20:00,2020-01-08,115.0,116.0,114.0,115.0,3000.0,2900.0,True
2020-01-08 10:21:00,2020-01-08,115.5,116.5,114.5,115.5,3000.0,2900.0,True
2020-01-08 10:22:00,2020-01-08,116.0,117.0,115.0,116.0,3000.0,2900.0,True
2020-01-08 10:23:00,2020-01-08,116.5,117.5,115.5,116.5,3000.0,2900.0,True
2020-01-08 10:24:00,2020-01-08,117.0,118.0,116.0,117.0,3000.0,2900.0,True
2020-01-08 10:25:00,2020-01-08,117.5,118.5,116.5,117.5,3000.0,2900.0,True
2020-01-08 10:26:00,2020-01-08,118.0,119.0,117.0,118.0,3000.0,2900.0,True
2020-01-08 10:27:00,2020-01-08,118.5,119.5,117.5,118.5,3000.0,2900.0,True
2020-01-08 10:28:00,2020-01-08,119.0,120.0,118.0,119.0,3000.0,2900.0,True
2020-01-08 10:29:00,2020-01-08,119.5,120.5,118.5,119.5,3000.0,2900.0,True
2020-01-08 10:30:00,2020-01-08,120.0,121.0,119.0,120.0,3000.0,2900.0,True
2020-01-08 10:31:00,2020-01-08,120.5,121.5,119.5,120.5,3000.0,2900.0,True
2020-01-08 10:32:00,2020-01-08,121.0,122.0,120.0,121.0,3000.0,2900.0,True
2020-01-08 10:33:00,2020-01-08,121.5,122.5,120.5,121.5,3000.0,2900.0,True
2020-01-08 10:34:00,2020-01-08,122.0,123.0,121.0,122.0,3000.0,2900.0,True
2020-01-08 10:35:00,2020-01-08,122.5,123.5,121.5,122.5,3000.0,2900.0,True
2020-01-08 10:36:00,2020-01-08,123.0,124.0,122.0,123.0,3000.0,2900.0,True
2020-01-08 10:37:00,2020-01-08,123.5,124.5,122.5,123.5,3000.0,2900.0,True
2020-01-08 10:38:00,2020-01-08,124.0,125.0,123.0,124.0,3000.0,2900.0,True
2020-01-08 10:39:00,2020-01-08,124.5,125.5,123.5,124.5,3000.0,2900.0,True
2020-01-08 10:40:00,2020-01-08,115.0,116.0,114.0,115.0,3000.0,2900.0,True
2020-01-08 10:41:00,2020-01-08,115.5,116.5,114.5,115.5,3000.0,2900.0,True
2020-01-08 10:42:00,2020-01-08,116.0,117.0,115.0,116.0,3000.0,2900.0,True
2020-01-08 10:43:00,2020-01-08,116.5,117.5,115.5,116.5,3000.0,2900.0,True
2020-01-08 10:44:00,2020-01-08,117.0,118.0,116.0,117.0,3000.0,2900.0,True
2020-01-08 10:45:00,2020-01-08,117.5,118.5,116.5,117.5,3000.0,2900.0,True
2020-01-08 10:46:00,2020-01-08,118.0,119.0,117.0,118.0,3000.0,2900.0,True
2020-01-08 10:47:00,2020-01-08,118.5,119.5,117.5,118.5,3000.0,2900.0,True
2020-01-08 10:48:00,2020-01-08,119.0,120.0,118.0,119.0,3000.0,2900.0,True
2020-01-08 10:49:00,2020-01-08,119.5,120.5,118.5,119.5,3000.0,2900.0,True
2020-01-08 10:50:00,2020-01-08,120.0,121.0,119.0,120.0,3000.0,2900.0,True
2020-01-08 10:51:00,2020-01-08,120.5,121.5,119.5,120.5,3000.0,2900.0,True
2020-01-08 10:52:00,2020-01-08,121.0,122.0,120.0,121.0,3000.0,2900.0,True
2020-01-08 10:53:00,2020-01-08,121.5,122.5,120.5,121.5,3000.0,2900.0,True
2020-01-08 10:54:00,2020-01-08,122.0,123.0,121.0,122.0,3000.0,2900.0,True
2020-01-08 10:55:00,2020-01-08,122.5,123.5,121.5,122.5,3000.0,2900.0,True
2020-01-08 10:56:00,2020-01-08,123.0,124.0,122.0,123.0,3000.0,2900.0,True
2020-01-08 10:57:00,2020-01-08,123.5,124.5,122.5,123.5,3000.0,2900.0,True
2020-01-08 10:58:00,2020-01-08,124.0,125.0,123.0,124.0,3000.0,2900.0,True
2020-01-08 10:59:00,2020-01-08,124.5,125.5,123.5,124.5,3000.0,2900.0,True
2020-01-08 11:00:00,2020-01-08,115.0,116.0,114.0,115.0,3000.0,2900.0,True
2020-01-08 11:01:00,2020-01-08,115.5,116.5,114.5,115.5,3000.0,2900.0,True
2020-01-08 11:02:00,2020-01-08,116.0,117.0,115.0,116.0,3000.0,2900.0,True
2020-01-08 11:03:00,2020-01-08,116.5,117.5,115.5,116.5,3000.0,2900.0,True
2020-01-08 11:04:00,2020-01-08,117.0,118.0,116.0,117.0,3000.0,2900.0,True
2020-01-08 11:05:00,2020-01-08,117.5,118.5,116.5,117.5,3000.0,2900.0,True
2020-01-08 11:06:00,2020-01-08,118.0,119.0,117.0,118.0,3000.0,2900.0,True
2020-01-08 11:07:00,2020-01-08,118.5,119.5,117.5,118.5,3000.0,2900.0,True
2020-01-08 11:08:00,2020-01-08,119.0,120.0,118.0,119.0,3000.0,2900.0,True
2020-01-08 11:09:00,2020-01-08,119.5,120.5,118.5,119.5,3000.0,2900.0,True
2020-01-08 11:10:00,2020-01-08,120.0,121.0,119.0,120.0,3000.0,2900.0,True
2020-01-08 11:11:00,2020-01-08,120.5,121.5,119.5,120.5,3000.0,2900.0,True
2020-01-08 11:12:00,2020-01-08,121.0,122.0,120.0,121.0,3000.0,2900.0,True
2020-01-08 11:13:00,2020-01-08,121.5,122.5,120.5,121.5,3000.0,2900.0,True
2020-01-08 11:14:00,2020-01-08,122.0,123.0,121.0,122.0,3000.0,2900.0,True
2020-01-08 11:15:00,2020-01-08,122.5,123.5,121.5,122.5,3000.0,2900.0,True
2020-01-08 11:16:00,2020-01-08,123.0,124.0,122.0,123.0,3000.0,2900.0,True
2020-01-08 11:17:00,2020-01-08,123.5,124.5,122.5,123.5,3000.0,2900.0,True
2020-01-08 11:18:00,2020-01-08,124.0,125.0,123.0,124.0,3000.0,2900.0,True
2020-01-08 11:19:00,2020-01-08,124.5,125.5,123.5,124.5,3000.0,2900.0,True
2020-01-08 11:20:00,2020-01-08,115.0,116.0,114.0,115.0,3000.0,2900.0,True
2020-01-08 11:21:00,2020-01-08,115.5,116.5,114.5,115.5,3000.0,2900.0,True
2020-01-08 11:22:00,2020-01-08,116.0,117.0,115.0,116.0,3000.0,2900.0,True
2020-01-08 11:23:00,2020-01-08,116.5,117.5,115.5,116.5,3000.0,2900.0,True
2020-01-08 11:24:00,2020-01-08,117.0,118.0,116.0,117.0,3000.0,2900.0,True
2020-01-08 11:25:00,2020-01-08,117.5,118.5,116.5,117.5,3000.0,2900.0,True
2020-01-08 11:26:00,2020-01-08,118.0,119.0,117.0,118.0,3000.0,2900.0,True
2020-01-08 11:27:00,2020-01-08,118.5,119.5,117.5,118.5,3000.0,2900.0,True
2020-01-08 11:28:00,2020-01-08,119.0,120.0,118.0,119.0,3000.0,2900.0,True
2020-01-08 11:29:00,2020-01-08,119.5,120.5,118.5,119.5,3000.0,2900.0,True
2020-01-08 11:30:00,2020-01-08,120.0,121.0,119.0,120.0,3000.0,2900.0,True
2020-01-08 11:31:00,2020-01-08,120.5,121.5,119.5,120.5,3000.0,2900.0,True
2020-01-08 11:32:00,2020-01-08,121.0,122.0,120.0,121.0,3000.0,2900.0,True
2020-01-08 11:33:00,2020-01-08,121.5,122.5,120.5,121.5,3000.0,2900.0,True
2020-01-08 11:34:00,2020-01-08,122.0,123.0,121.0,122.0,3000.0,2900.0,True
2020-01-08 11:35:00,2020-01-08,122.5,123.5,121.5,122.5,3000.0,2900.0,True
2020-01-08 11:36:00,2020-01-08,123.0,124.0,122.0,123.0,3000.0,2900.0,True
2020-01-08 11:37:00,2020-01-08,123.5,124.5,122.5,123.5,3000.0,2900.0,True
2020-01-08 11:38:00,2020-01-08,124.0,125.0,123.0,124.0,3000.0,2900.0,True
2020-01-08 11:39:00,2020-01-08,124.5,125.5,123.5,124.5,3000.0,2900.0,True
2020-01-08 11:40:00,2020-01-08,115.0,116.0,114.0,115.0,3000.0,2900.0,True
2020-01-08 11:41:00,2020-01-08,115.5,116.5,114.5,115.5,3000.0,2900.0,True
2020-01-08 11:42:00,2020-01-08,116.0,117.0,115.0,116.0,3000.0,2900.0,True
2020-01-08 11:43:00,2020-01-08,116.5,117.5,115.5,116.5,3000.0,2900.0,True
2020-01-08 11:44:00,2020-01-08,117.0,118.0,116.0,117.0,3000.0,2900.0,True
2020-01-08 11:45:00,2020-01-08,117.5,118.5,116.5,117.5,3000.0,2900.0,True
2020-01-08 11:46:00,2020-01-08,118.0,119.0,117.0,118.0,3000.0,2900.0,True
2020-01-08 11:47:00,2020-01-08,118.5,119.5,117.5,118.5,3000.0,2900.0,True
2020-01-08 11:48:00,2020-01-08,119.0,120.0,118.0,119.0,3000.0,2900.0,True
2020-01-08 11:49:00,2020-01-08,119.5,120.5,118.5,119.5,3000.0,2900.0,True
2020-01-08 11:50:00,2020-01-08,120.0,121.0,119.0,120.0,3000.0,2900.0,True
2020-01-08 11:51:00,2020-01-08,120.5,121.5,119.5,120.5,3000.0,2900.0,True
2020-01-08 11:52:00,2020-01-08,121.0,122.0,120.0,121.0,3000.0,2900.0,True
2020-01-08 11:53:00,2020-01-08,121.5,122.5,120.5,121.5,3000.0,2900.0,True
2020-01-08 11:54:00,2020-01-08,122.0,123.0,121.0,122.0,3000.0,2900.0,True
2020-01-08 11:55:00,2020-01-08,122.5,123.5,121.5,122.5,3000.0,2900.0,True
2020-01-08 11:56:00,2020-01-08,123.0,124.0,122.0,123.0,3000.0,2900.0,True
2020-01-08 11:57:00,2020-01-08,123.5,124.5,122.5,123.5,3000.0,2900.0,True
2020-01-08 11:58:00,2020-01-08,124.0,125.0,123.0,124.0,3000.0,2900.0,True
2020-01-08 11:59:00,2020-01-08,124.5,125.5,123.5,124.5,3000.0,2900.0,True
2020-01-08 12:00:00,2020-01-08,115.0,116.0,114.0,115.0,3000.0,2900.0,True
2020-01-08 12:01:00,2020-01-08,115.5,116.5,114.5,115.5,3000.0,2900.0,True
2020-01-08 12:02:00,2020-01-08,116.0,117.0,115.0,116.0,3000.0,2900.0,True
2020-01-08 12:03:00,2020-01-08,116.5,117.5,115.5,116.5,3000.0,2900.0,True
2020-01-08 12:04:00,2020-01-08,117.0,118.0,116.0,117.0,3000.0,2900.0,True
2020-01-08 12:05:00,2020-01-08,117.5,118.5,116.5,117.5,3000.0,2900.0,True
2020-01-08 12:06:00,2020-01-08,118.0,119.0,117.0,118.0,3000.0,2900.0,True
2020-01-08 12:07:00,2020-01-08,118.5,119.5,117.5,118.5,3000.0,2900.0,True
2020-01-08 12:08:00,2020-01-08,119.0,120.0,118.0,119.0,3000.0,2900.0,True
2020-01-08 12:09:00,2020-01-08,119.5,120.5,118.5,119.5,3000.0,2900.0,True
2020-01-08 12:10:00,2020-01-08,120.0,121.0,119.0,120.0,3000.0,2900.0,True
2020-01-08 12:11:00,2020-01-08,120.5,121.5,119.5,120.5,3000.0,2900.0,True
2020-01-08 12:12:00,2020-01-08,121.0,122.0,120.0,121.0,3000.0,2900.0,True
2020-01-08 12:13:00,2020-01-08,121.5,122.5,120.5,121.5,3000.0,2900.0,True
2020-01-08 12:14:00,2020-01-08,122.0,123.0,121.0,122.0,3000.0,2900.0,True
2020-01-08 12:15:00,2020-01-08,122.5,123.5,121.5,122.5,3000.0,2900.0,True
2020-01-08 12:16:00,2020-01-08,123.0,124.0,122.0,123.0,3000.0,2900.0,True
2020-01-08 12:17:00,2020-01-08,123.5,124.5,122.5,123.5,3000.0,2900.0,True
2020-01-08 12:18:00,2020-01-08,124.0,125.0,123.0,124.0,3000.0,2900.0,True
2020-01-08 12:19:00,2020-01-08,124.5,125.5,123.5,124.5,3000.0,2900.0,True
2020-01-08 12:20:00,2020-01-08,115.0,116.0,114.0,115.0,3000.0,2900.0,True
2020-01-08 12:21:00,2020-01-08,115.5,116.5,114.5,115.5,3000.0,2900.0,True
2020-01-08 12:22:00,2020-01-08,116.0,117.0,115.0,116.0,3000.0,2900.0,True
2020-01-08 12:23:00,2020-01-08,116.5,117.5,115.5,116.5,3000.0,2900.0,True
2020-01-08 12:24:00,2020-01-08,117.0,118.0,116.0,117.0,3000.0,2900.0,True
2020-01-08 12:25:00,2020-01-08,117.5,118.5,116.5,117.5,3000.0,2900.0,True
2020-01-08 12:26:00,2020-01-08,118.0,119.0,117.0,118.0,3000.0,2900.0,True
2020-01-08 12:27:00,2020-01-08,118.5,119.5,117.5,118.5,3000.0,2900.0,True
2020-01-08 12:28:00,2020-01-08,119.0,120.0,118.0,119.0,3000.0,2900.0,True
2020-01-08 12:29:00,2020-01-08,119.5,120.5,118.5,119.5,3000.0,2900.0,True
2020-01-08 12:30:00,2020-01-08,120.0,121.0,119.0,120.0,3000.0,2900.0,True
2020-01-08 12:31:00,2020-01-08,120.5,121.5,119.5,120.5,3000.0,2900.0,True
2020-01-08 12:32:00,2020-01-08,121.0,122.0,120.0,121.0,3000.0,2900.0,True
2020-01-08 12:33:00,2020-01-08,121.5,122.5,120.5,121.5,3000.0,2900.0,True
2020-01-08 12:34:00,2020-01-08,122.0,123.0,121.0,122.0,3000.0,2900.0,True
2020-01-08 12:35:00,2020-01-08,122.5,123.5,121.5,122.5,3000.0,2900.0,True
2020-01-08 12:36:00,2020-01-08,123.0,124.0,122.0,123.0,3000.0,2900.0,True
2020-01-08 12:37:00,2020-01-08,123.5,124.5,122.5,123.5,3000.0,2900.0,True
2020-01-08 12:38:00,2020-01-08,124.0,125.0,123.0,124.0,3000.0,2900.0,True
2020-01-08 12:39:00,2020-01-08,124.5,125.5,123.5,124.5,3000.0,2900.0,True
2020-01-08 12:40:00,2020-01-08,115.0,116.0,114.0,115.0,3000.0,2900.0,True
2020-01-08 12:41:00,2020-01-08,115.5,116.5,114.5,115.5,3000.0,2900.0,True
2020-01-08 12:42:00,2020-01-08,116.0,117.0,115.0,116.0,3000.0,2900.0,True
2020-01-08 12:43:00,2020-01-08,116.5,117.5,115.5,116.5,3000.0,2900.0,True
2020-01-08 12:44:00,2020-01-08,117.0,118.0,116.0,117.0,3000.0,2900.0,True
2020-01-08 12:45:00,2020-01-08,117.5,118.5,116.5,117.5,3000.0,2900.0,True
2020-01-08 12:46:00,2020-01-08,118.0,119.0,117.0,118.0,3000.0,2900.0,True
2020-01-08 12:47:00,2020-01-08,118.5,119.5,117.5,118.5,3000.0,2900.0,True
2020-01-08 12:48:00,2020-01-08,119.0,120.0,118.0,119.0,3000.0,2900.0,True
2020-01-08 12:49:00,2020-01-08,119.5,120.5,118.5,119.5,3000.0,2900.0,True
2020-01-08 12:50:00,2020-01-08,120.0,121.0,119.0,120.0,3000.0,2900.0,True
2020-01-08 12:51:00,2020-01-08,120.5,121.5,119.5,120.5,3000.0,2900.0,True
2020-01-08 12:52:00,2020-01-08,121.0,122.0,120.0,121.0,3000.0,2900.0,True
2020-01-08 12:53:00,2020-01-08,121.5,122.5,120.5,121.5,3000.0,2900.0,True
2020-01-08 12:54:00,2020-01-08,122.0,123.0,121.0,122.0,3000.0,2900.0,True
2020-01-08 12:55:00,2020-01-08,122.5,123.5,121.5,122.5,3000.0,2900.0,True
2020-01-08 12:56:00,2020-01-08,123.0,124.0,122.0,123.0,3000.0,2900.0,True
2020-01-08 12:57:00,2020-01-08,123.5,124.5,122.5,123.5,3000.0,2900.0,True
2020-01-08 12:58:00,2020-01-08,124.0,125.0,123.0,124.0,3000.0,2900.0,True
2020-01-08 12:59:00,2020-01-08,124.5,125.5,123.5,124.5,3000.0,2900.0,True
2020-01-09 09:00:00,2020-01-09,115.0,116.0,114.0,115.0,3000.0,2900.0,True
2020-01-09 09:01:00,2020-01-09,115.5,116.5,114.5,115.5,3000.0,2900.0,True
2020-01-09 09:02:00,2020-01-09,116.0,117.0,115.0,116.0,3000.0,2900.0,True
2020-01-09 09:03:00,2020-01-09,116.5,117.5,115.5,116.5,3000.0,2900.0,True
2020-01-09 09:04:00,2020-01-09,117.0,118.0,116.0,117.0,3000.0,2900.0,True
2020-01-09 09:05:00,2020-01-09,117.5,118.5,116.5,117.5,3000.0,2900.0,True
2020-01-09 09:06:00,2020-01-09,118.0,119.0,117.0,118.0,3000.0,2900.0,True
2020-01-09 09:07:00,2020-01-09,118.5,119.5,117.5,118.5,3000.0,2900.0,True
2020-01-09 09:08:00,2020-01-09,119.0,120.0,118.0,119.0,3000.0,2900.0,True
2020-01-09 09:09:00,2020-01-09,119.5,120.5,118.5,119.5,3000.0,2900.0,True
2020-01-09 09:10:00,2020-01-09,120.0,121.0,119.0,120.0,3000.0,2900.0,True
2020-01-09 09:11:00,2020-01-09,120.5,121.5,119.5,120.5,3000.0,2900.0,True
2020-01-09 09:12:00,2020-01-09,121.0,122.0,120.0,121.0,3000.0,2900.0,True
2020-01-09 09:13:00,2020-01-09,121.5,122.5,120.5,121.5,3000.0,2900.0,True
2020-01-09 09:14:00,2020-01-09,122.0,123.0,121.0,122.0,3000.0,2900.0,True
2020-01-09 09:15:00,2020-01-09,122.5,123.5,121.5,122.5,3000.0,2900.0,True
2020-01-09 09:16:00,2020-01-09,123.0,124.0,122.0,123.0,3000.0,2900.0,True
2020-01-09 09:17:00,2020-01-09,123.5,124.5,122.5,123.5,3000.0,2900.0,True
2020-01-09 09:18:00,2020-01-09,124.0,125.0,123.0,124.0,3000.0,2900.0,True
2020-01-09 09:19:00,2020-01-09,124.5,125.5,123.5,124.5,3000.0,2900.0,True
2020-01-09 09:20:00,2020-01-09,115.0,116.0,114.0,115.0,3000.0,2900.0,True
2020-01-09 09:21:00,2020-01-09,115.5,116.5,114.5,115.5,3000.0,2900.0,True
2020-01-09 09:22:00,2020-01-09,116.0,117.0,115.0,116.0,3000.0,2900.0,True
2020-01-09 09:23:00,2020-01-09,116.5,117.5,115.5,116.5,3000.0,2900.0,True
2020-01-09 09:24:00,2020-01-09,117.0,118.0,116.0,117.0,3000.0,2900.0,True
2020-01-09 09:25:00,2020-01-09,117.5,118.5,116.5,117.5,3000.0,2900.0,True
2020-01-09 09:26:00,2020-01-09,118.0,119.0,117.0,118.0,3000.0,2900.0,True
2020-01-09 09:27:00,2020-01-09,118.5,119.5,117.5,118.5,3000.0,2900.0,True
2020-01-09 09:28:00,2020-01-09,119.0,120.0,118.0,119.0,3000.0,2900.0,True
2020-01-09 09:29:00,2020-01-09,119.5,120.5,118.5,119.5,3000.0,2900.0,True
2020-01-09 09:30:00,2020-01-09,120.0,121.0,119.0,120.0,3000.0,2900.0,True
2020-01-09 09:31:00,2020-01-09,120.5,121.5,119.5,120.5,3000.0,2900.0,True
2020-01-09 09:32:00,2020-01-09,121.0,122.0,120.0,121.0,3000.0,2900.0,True
2020-01-09 09:33:00,2020-01-09,121.5,122.5,120.5,121.5,3000.0,2900.0,True
2020-01-09 09:34:00,2020-01-09,122.0,123.0,121.0,122.0,3000.0,2900.0,True
2020-01-09 09:35:00,2020-01-09,122.5,123.5,121.5,122.5,3000.0,2900.0,True
2020-01-09 09:36:00,2020-01-09,123.0,124.0,122.0,123.0,3000.0,2900.0,True
2020-01-09 09:37:00,2020-01-09,123.5,124.5,122.5,123.5,3000.0,2900.0,True
2020-01-09 09:38:00,2020-01-09,124.0,125.0,123.0,124.0,3000.0,2900.0,True
2020-01-09 09:39:00,2020-01-09,124.5,125.5,123.5,124.5,3000.0,2900.0,True
2020-01-09 09:40:00,2020-01-09,115.0,116.0,114.0,115.0,3000.0,2900.0,True
2020-01-09 09:41:00,2020-01-09,115.5,116.5,114.5,115.5,3000.0,2900.0,True
2020-01-09 09:42:00,2020-01-09,116.0,117.0,115.0,116.0,3000.0,2900.0,True
2020-01-09 09:43:00,2020-01-09,116.5,117.5,115.5,116.5,3000.0,2900.0,True
2020-01-09 09:44:00,2020-01-09,117.0,118.0,116.0,117.0,3000.0,2900.0,True
2020-01-09 09:45:00,2020-01-09,117.5,118.5,116.5,117.5,3000.0,2900.0,True
2020-01-09 09:46:00,2020-01-09,118.0,119.0,117.0,118.0,3000.0,2900.0,True
2020-01-09 09:47:00,2020-01-09,118.5,119.5,117.5,118.5,3000.0,2900.0,True
2020-01-09 09:48:00,2020-01-09,119.0,120.0,118.0,119.0,3000.0,2900.0,True
2020-01-09 09:49:00,2020-01-09,119.5,120.5,118.5,119.5,3000.0,2900.0,True
2020-01-09 09:50:00,2020-01-09,120.0,121.0,119.0,120.0,3000.0,2900.0,True
2020-01-09 09:51:00,2020-01-09,120.5,121.5,119.5,120.5,3000.0,2900.0,True
2020-01-09 09:52:00,2020-01-09,121.0,122.0,120.0,121.0,3000.0,2900.0,True
2020-01-09 09:53:00,2020-01-09,121.5,122.5,120.5,121.5,3000.0,2900.0,True
2020-01-09 09:54:00,2020-01-09,122.0,123.0,121.0,122.0,3000.0,2900.0,True
2020-01-09 09:55:00,2020-01-09,122.5,123.5,121.5,122.5,3000.0,2900.0,True
2020-01-09 09:56:00,2020-01-09,123.0,124.0,122.0,123.0,3000.0,2900.0,True
2020-01-09 09:57:00,2020-01-09,123.5,124.5,122.5,123.5,3000.0,2900.0,True
2020-01-09 09:58:00,2020-01-09,124.0,125.0,123.0,124.0,3000.0,2900.0,True
2020-01-09 09:59:00,2020-01-09,124.5,125.5,123.5,124.5,3000.0,2900.0,True
2020-01-09 10:00:00,2020-01-09,115.0,116.0,114.0,115.0,3000.0,2900.0,True
2020-01-09 10:01:00,2020-01-09,115.5,116.5,114.5,115.5,3000.0,2900.0,True
2020-01-09 10:02:00,2020-01-09,116.0,117.0,115.0,116.0,3000.0,2900.0,True
2020-01-09 10:03:00,2020-01-09,116.5,117.5,115.5,116.5,3000.0,2900.0,True
2020-01-09 10:04:00,2020-01-09,117.0,118.0,116.0,117.0,3000.0,2900.0,True
2020-01-09 10:05:00,2020-01-09,117.5,118.5,116.5,117.5,3000.0,2900.0,True
2020-01-09 10:06:00,2020-01-09,118.0,119.0,117.0,118.0,3000.0,2900.0,True
2020-01-09 10:07:00,2020-01-09,118.5,119.5,117.5,118.5,3000.0,2900.0,True
2020-01-09 10:08:00,2020-01-09,119.0,120.0,118.0,119.0,3000.0,2900.0,True
2020-01-09 10:09:00,2020-01-09,119.5,120.5,118.5,119.5,3000.0,2900.0,True
2020-01-09 10:10:00,2020-01-09,120.0,121.0,119.0,120.0,3000.0,2900.0,True
2020-01-09 10:11:00,2020-01-09,120.5,121.5,119.5,120.5,3000.0,2900.0,True
2020-01-09 10:12:00,2020-01-09,121.0,122.0,120.0,121.0,3000.0,2900.0,True
2020-01-09 10:13:00,2020-01-09,121.5,122.5,120.5,121.5,3000.0,2900.0,True
2020-01-09 10:14:00,2020-01-09,122.0,123.0,121.0,122.0,3000.0,2900.0,True
2020-01-09 10:15:00,2020-01-09,122.5,123.5,121.5,122.5,3000.0,2900.0,True
2020-01-09 10:16:00,2020-01-09,123.0,124.0,122.0,123.0,3000.0,2900.0,True
2020-01-09 10:17:00,2020-01-09,123.5,124.5,122.5,123.5,3000.0,2900.0,True
2020-01-09 10:18:00,2020-01-09,124.0,125.0,123.0,124.0,3000.0,2900.0,True
2020-01-09 10:19:00,2020-01-09,124.5,125.5,123.5,124.5,3000.0,2900.0,True
2020-01-09 10:20:00,2020-01-09,115.0,116.0,114.0,115.0,3000.0,2900.0,True
2020-01-09 10:21:00,2020-01-09,115.5,116.5,114.5,115.5,3000.0,2900.0,True
2020-01-09 10:22:00,2020-01-09,116.0,117.0,115.0,116.0,3000.0,2900.0,True
2020-01-09 10:23:00,2020-01-09,116.5,117.5,115.5,116.5,3000.0,2900.0,True
2020-01-09 10:24:00,2020-01-09,117.0,118.0,116.0,117.0,3000.0,2900.0,True
2020-01-09 10:25:00,2020-01-09,117.5,118.5,116.5,117.5,3000.0,2900.0,True
2020-01-09 10:26:00,2020-01-09,118.0,119.0,117.0,118.0,3000.0,2900.0,True
2020-01-09 10:27:00,2020-01-09,118.5,119.5,117.5,118.5,3000.0,2900.0,True
2020-01-09 10:28:00,2020-01-09,119.0,120.0,118.0,119.0,3000.0,2900.0,True
2020-01-09 10:29:00,2020-01-09,119.5,120.5,118.5,119.5,3000.0,2900.0,True
2020-01-09 10:30:00,2020-01-09,120.0,121.0,119.0,120.0,3000.0,2900.0,True
2020-01-09 10:31:00,2020-01-09,120.5,121.5,119.5,120.5,3000.0,2900.0,True
2020-01-09 10:32:00,2020-01-09,121.0,122.0,120.0,121.0,3000.0,2900.0,True
2020-01-09 10:33:00,2020-01-09,121.5,122.5,120.5,121.5,3000.0,2900.0,True
2020-01-09 10:34:00,2020-01-09,122.0,123.0,121.0,122.0,3000.0,2900.0,True
2020-01-09 10:35:00,2020-01-09,122.5,123.5,121.5,122.5,3000.0,2900.0,True
2020-01-09 10:36:00,2020-01-09,123.0,124.0,122.0,123.0,3000.0,2900.0,True
2020-01-09 10:37:00,2020-01-09,123.5,124.5,122.5,123.5,3000.0,2900.0,True
2020-01-09 10:38:00,2020-01-09,124.0,125.0,123.0,124.0,3000.0,2900.0,True
2020-01-09 10:39:00,2020-01-09,124.5,125.5,123.5,124.5,3000.0,2900.0,True
2020-01-09 10:40:00,2020-01-09,115.0,116.0,114.0,115.0,3000.0,2900.0,True
2020-01-09 10:41:00,2020-01-09,115.5,116.5,114.5,115.5,3000.0,2900.0,True
2020-01-09 10:42:00,2020-01-09,116.0,117.0,115.0,116.0,3000.0,2900.0,True
2020-01-09 10:43:00,2020-01-09,116.5,117.5,115.5,116.5,3000.0,2900.0,True
2020-01-09 10:44:00,2020-01-09,117.0,118.0,116.0,117.0,3000.0,2900.0,True
2020-01-09 10:45:00,2020-01-09,117.5,118.5,116.5,117.5,3000.0,2900.0,True
2020-01-09 10:46:00,2020-01-09,118.0,119.0,117.0,118.0,3000.0,2900.0,True
2020-01-09 10:47:00,2020-01-09,118.5,119.5,117.5,118.5,3000.0,2900.0,True
2020-01-09 10:48:00,2020-01-09,119.0,120.0,118.0,119.0,3000.0,2900.0,True
2020-01-09 10:49:00,2020-01-09,119.5,120.5,118.5,119.5,3000.0,2900.0,True
2020-01-09 10:50:00,2020-01-09,120.0,121.0,119.0,120.0,3000.0,2900.0,True
2020-01-09 10:51:00,2020-01-09,120.5,121.5,119.5,120.5,3000.0,2900.0,True
2020-01-09 10:52:00,2020-01-09,121.0,122.0,120.0,121.0,3000.0,2900.0,True
2020-01-09 10:53:00,2020-01-09,121.5,122.5,120.5,121.5,3000.0,2900.0,True
2020-01-09 10:54:00,2020-01-09,122.0,123.0,121.0,122.0,3000.0,2900.0,True
2020-01-09 10:55:00,2020-01-09,122.5,123.5,121.5,122.5,3000.0,2900.0,True
2020-01-09 10:56:00,2020-01-09,123.0,124.0,122.0,123.0,3000.0,2900.0,True
2020-01-09 10:57:00,2020-01-09,123.5,124.5,122.5,123.5,3000.0,2900.0,True
2020-01-09 10:58:00,2020-01-09,124.0,125.0,123.0,124.0,3000.0,2900.0,True
2020-01-09 10:59:00,2020-01-09,124.5,125.5,123.5,124.5,3000.0,2900.0,True
2020-01-09 11:00:00,2020-01-09,115.0,116.0,114.0,115.0,3000.0,2900.0,True
2020-01-09 11:01:00,2020-01-09,115.5,116.5,114.5,115.5,3000.0,2900.0,True
2020-01-09 11:02:00,2020-01-09,116.0,117.0,115.0,116.0,3000.0,2900.0,True
2020-01-09 11:03:00,2020-01-09,116.5,117.5,115.5,116.5,3000.0,2900.0,True
2020-01-09 11:04:00,2020-01-09,117.0,118.0,116.0,117.0,3000.0,2900.0,True
2020-01-09 11:05:00,2020-01-09,117.5,118.5,116.5,117.5,3000.0,2900.0,True
2020-01-09 11:06:00,2020-01-09,118.0,119.0,117.0,118.0,3000.0,2900.0,True
2020-01-09 11:07:00,2020-01-09,118.5,119.5,117.5,118.5,3000.0,2900.0,True
2020-01-09 11:08:00,2020-01-09,119.0,120.0,118.0,119.0,3000.0,2900.0,True
2020-01-09 11:09:00,2020-01-09,119.5,120.5,118.5,119.5,3000.0,2900.0,True
2020-01-09 11:10:00,2020-01-09,120.0,121.0,119.0,120.0,3000.0,2900.0,True
2020-01-09 11:11:00,2020-01-09,120.5,121.5,119.5,120.5,3000.0,2900.0,True
2020-01-09 11:12:00,2020-01-09,121.0,122.0,120.0,121.0,3000.0,2900.0,True
2020-01-09 11:13:00,2020-01-09,121.5,122.5,120.5,121.5,3000.0,2900.0,True
2020-01-09 11:14:00,2020-01-09,122.0,123.0,121.0,122.0,3000.0,2900.0,True
2020-01-09 11:15:00,2020-01-09,122.5,123.5,121.5,122.5,3000.0,2900.0,True
2020-01-09 11:16:00,2020-01-09,123.0,124.0,122.0,123.0,3000.0,2900.0,True
2020-01-09 11:17:00,2020-01-09,123.5,124.5,122.5,123.5,3000.0,2900.0,True
2020-01-09 11:18:00,2020-01-09,124.0,125.0,123.0,124.0,3000.0,2900.0,True
2020-01-09 11:19:00,2020-01-09,124.5,125.5,123.5,124.5,3000.0,2900.0,True
2020-01-09 11:20:00,2020-01-09,115.0,116.0,114.0,115.0,3000.0,2900.0,True
2020-01-09 11:21:00,2020-01-09,115.5,116.5,114.5,115.5,3000.0,2900.0,True
2020-01-09 11:22:00,2020-01-09,116.0,117.0,115.0,116.0,3000.0,2900.0,True
2020-01-09 11:23:00,2020-01-09,116.5,117.5,115.5,116.5,3000.0,2900.0,True
2020-01-09 11:24:00,2020-01-09,117.0,118.0,116.0,117.0,3000.0,2900.0,True
2020-01-09 11:25:00,2020-01-09,117.5,118.5,116.5,117.5,3000.0,2900.0,True
2020-01-09 11:26:00,2020-01-09,118.0,119.0,117.0,118.0,3000.0,2900.0,True
2020-01-09 11:27:00,2020-01-09,118.5,119.5,117.5,118.5,3000.0,2900.0,True
2020-01-09 11:28:00,2020-01-09,119.0,120.0,118.0,119.0,3000.0,2900.0,True
2020-01-09 11:29:00,2020-01-09,119.5,120.5,118.5,119.5,3000.0,2900.0,True
2020-01-09 11:30:00,2020-01-09,120.0,121.0,119.0,120.0,3000.0,2900.0,True
2020-01-09 11:31:00,2020-01-09,120.5,121.5,119.5,120.5,3000.0,2900.0,True
2020-01-09 11:32:00,2020-01-09,121.0,122.0,120.0,121.0,3000.0,2900.0,True
2020-01-09 11:33:00,2020-01-09,121.5,122.5,120.5,121.5,3000.0,2900.0,True
2020-01-09 11:34:00,2020-01-09,122.0,123.0,121.0,122.0,3000.0,2900.0,True
2020-01-09 11:35:00,2020-01-09,122.5,123.5,121.5,122.5,3000.0,2900.0,True
2020-01-09 11:36:00,2020-01-09,123.0,124.0,122.0,123.0,3000.0,2900.0,True
2020-01-09 11:37:00,2020-01-09,123.5,124.5,122.5,123.5,3000.0,2900.0,True
2020-01-09 11:38:00,2020-01-09,124.0,125.0,123.0,124.0,3000.0,2900.0,True
2020-01-09 11:39:00,2020-01-09,124.5,125.5,123.5,124.5,3000.0,2900.0,True
2020-01-09 11:40:00,2020-01-09,115.0,116.0,114.0,115.0,3000.0,2900.0,True
2020-01-09 11:41:00,2020-01-09,115.5,116.5,114.5,115.5,3000.0,2900.0,True
2020-01-09 11:42:00,2020-01-09,116.0,117.0,115.0,116.0,3000.0,2900.0,True
2020-01-09 11:43:00,2020-01-09,116.5,117.5,115.5,116.5,3000.0,2900.0,True
2020-01-09 11:44:00,2020-01-09,117.0,118.0,116.0,117.0,3000.0,2900.0,True
2020-01-09 11:45:00,2020-01-09,117.5,118.5,116.5,117.5,3000.0,2900.0,True
2020-01-09 11:46:00,2020-01-09,118.0,119.0,117.0,118.0,3000.0,2900.0,True
2020-01-09 11:47:00,2020-01-09,118.5,119.5,117.5,118.5,3000.0,2900.0,True
2020-01-09 11:48:00,2020-01-09,119.0,120.0,118.0,119.0,3000.0,2900.0,True
2020-01-09 11:49:00,2020-01-09,119.5,120.5,118.5,119.5,3000.0,2900.0,True
2020-01-09 11:50:00,2020-01-09,120.0,121.0,119.0,120.0,3000.0,2900.0,True
2020-01-09 11:51:00,2020-01-09,120.5,121.5,119.5,120.5,3000.0,2900.0,True
2020-01-09 11:52:00,2020-01-09,121.0,122.0,120.0,121.0,3000.0,2900.0,True
2020-01-09 11:53:00,2020-01-09,121.5,122.5,120.5,121.5,3000.0,2900.0,True
2020-01-09 11:54:00,2020-01-09,122.0,123.0,121.0,122.0,3000.0,2900.0,True
2020-01-09 11:55:00,2020-01-09,122.5,123.5,121.5,122.5,3000.0,2900.0,True
2020-01-09 11:56:00,2020-01-09,123.0,124.0,122.0,123.0,3000.0,2900.0,True
2020-01-09 11:57:00,2020-01-09,123.5,124.5,122.5,123.5,3000.0,2900.0,True
2020-01-09 11:58:00,2020-01-09,124.0,125.0,123.0,124.0,3000.0,2900.0,True
2020-01-09 11:59:00,2020-01-09,124.5,125.5,123.5,124.5,3000.0,2900.0,True
2020-01-09 12:00:00,2020-01-09,115.0,116.0,114.0,115.0,3000.0,2900.0,True
2020-01-09 12:01:00,2020-01-09,115.5,116.5,114.5,115.5,3000.0,2900.0,True
2020-01-09 12:02:00,2020-01-09,116.0,117.0,115.0,116.0,3000.0,2900.0,True
2020-01-09 12:03:00,2020-01-09,116.5,117.5,115.5,116.5,3000.0,2900.0,True
2020-01-09 12:04:00,2020-01-09,117.0,118.0,116.0,117.0,3000.0,2900.0,True
2020-01-09 12:05:00,2020-01-09,117.5,118.5,116.5,117.5,3000.0,2900.0,True
2020-01-09 12:06:00,2020-01-09,118.0,119.0,117.0,118.0,3000.0,2900.0,True
2020-01-09 12:07:00,2020-01-09,118.5,119.5,117.5,118.5,3000.0,2900.0,True
2020-01-09 12:08:00,2020-01-09,119.0,120.0,118.0,119.0,3000.0,2900.0,True
2020-01-09 12:09:00,2020-01-09,119.5,120.5,118.5,119.5,3000.0,2900.0,True
2020-01-09 12:10:00,2020-01-09,120.0,121.0,119.0,120.0,3000.0,2900.0,True
2020-01-09 12:11:00,2020-01-09,120.5,121.5,119.5,120.5,3000.0,2900.0,True
2020-01-09 12:12:00,2020-01-09,121.0,122.0,120.0,121.0,3000.0,2900.0,True
2020-01-09 12:13:00,2020-01-09,121.5,122.5,120.5,121.5,3000.0,2900.0,True
2020-01-09 12:14:00,2020-01-09,122.0,123.0,121.0,122.0,3000.0,2900.0,True
2020-01-09 12:15:00,2020-01-09,122.5,123.5,121.5,122.5,3000.0,2900.0,True
2020-01-09 12:16:00,2020-01-09,123.0,124.0,122.0,123.0,3000.0,2900.0,True
2020-01-09 12:17:00,2020-01-09,123.5,124.5,122.5,123.5,3000.0,2900.0,True
2020-01-09 12:18:00,2020-01-09,124.0,125.0,123.0,124.0,3000.0,2900.0,True
2020-01-09 12:19:00,2020-01-09,124.5,125.5,123.5,124.5,3000.0,2900.0,True
2020-01-09 12:20:00,2020-01-09,115.0,116.0,114.0,115.0,3000.0,2900.0,True
2020-01-09 12:21:00,2020-01-09,115.5,116.5,114.5,115.5,3000.0,2900.0,True
2020-01-09 12:22:00,2020-01-09,116.0,117.0,115.0,116.0,3000.0,2900.0,True
2020-01-09 12:23:00,2020-01-09,116.5,117.5,115.5,116.5,3000.0,2900.0,True
2020-01-09 12:24:00,2020-01-09,117.0,118.0,116.0,117.0,3000.0,2900.0,True
2020-01-09 12:25:00,2020-01-09,117.5,118.5,116.5,117.5,3000.0,2900.0,True
2020-01-09 12:26:00,2020-01-09,118.0,119.0,117.0,118.0,3000.0,2900.0,True
2020-01-09 12:27:00,2020-01-09,118.5,119.5,117.5,118.5,3000.0,2900.0,True
2020-01-09 12:28:00,2020-01-09,119.0,120.0,118.0,119.0,3000.0,2900.0,True
2020-01-09 12:29:00,2020-01-09,119.5,120.5,118.5,119.5,3000.0,2900.0,True
2020-01-09 12:30:00,2020-01-09,120.0,121.0,119.0,120.0,3000.0,2900.0,True
2020-01-09 12:31:00,2020-01-09,120.5,121.5,119.5,120.5,3000.0,2900.0,True
2020-01-09 12:32:00,2020-01-09,121.0,122.0,120.0,121.0,3000.0,2900.0,True
2020-01-09 12:33:00,2020-01-09,121.5,122.5,120.5,121.5,3000.0,2900.0,True
2020-01-09 12:34:00,2020-01-09,122.0,123.0,121.0,122.0,3000.0,2900.0,True
2020-01-09 12:35:00,2020-01-09,122.5,123.5,121.5,122.5,3000.0,2900.0,True
2020-01-09 12:36:00,2020-01-09,123.0,124.0,122.0,123.0,3000.0,2900.0,True
2020-01-09 12:37:00,2020-01-09,123.5,124.5,122.5,123.5,3000.0,2900.0,True
2020-01-09 12:38:00,2020-01-09,124.0,125.0,123.0,124.0,3000.0,2900.0,True
2020-01-09 12:39:00,2020-01-09,124.5,125.5,123.5,124.5,3000.0,2900.0,True
2020-01-09 12:40:00,2020-01-09,115.0,116.0,114.0,115.0,3000.0,2900.0,True
2020-01-09 12:41:00,2020-01-09,115.5,116.5,114.5,115.5,3000.0,2900.0,True
2020-01-09 12:42:00,2020-01-09,116.0,117.0,115.0,116.0,3000.0,2900.0,True
2020-01-09 12:43:00,2020-01-09,116.5,117.5,115.5,116.5,3000.0,2900.0,True
2020-01-09 12:44:00,2020-01-09,117.0,118.0,116.0,117.0,3000.0,2900.0,True
2020-01-09 12:45:00,2020-01-09,117.5,118.5,116.5,117.5,3000.0,2900.0,True
2020-01-09 12:46:00,2020-01-09,118.0,119.0,117.0,118.0,3000.0,2900.0,True
2020-01-09 12:47:00,2020-01-09,118.5,119.5,117.5,118.5,3000.0,2900.0,True
2020-01-09 12:48:00,2020-01-09,119.0,120.0,118.0,119.0,3000.0,2900.0,True
2020-01-09 12:49:00,2020-01-09,119.5,120.5,118.5,119.5,3000.0,2900.0,True
2020-01-09 12:50:00,2020-01-09,120.0,121.0,119.0,120.0,3000.0,2900.0,True
2020-01-09 12:51:00,2020-01-09,120.5,121.5,119.5,120.5,3000.0,2900.0,True
2020-01-09 12:52:00,2020-01-09,121.0,122.0,120.0,121.0,3000.0,2900.0,True
2020-01-09 12:53:00,2020-01-09,121.5,122.5,120.5,121.5,3000.0,2900.0,True
2020-01-09 12:54:00,2020-01-09,122.0,123.0,121.0,122.0,3000.0,2900.0,True
2020-01-09 12:55:00,2020-01-09,122.5,123.5,121.5,122.5,3000.0,2900.0,True
2020-01-09 12:56:00,2020-01-09,123.0,124.0,122.0,123.0,3000.0,2900.0,True
2020-01-09 12:57:00,2020-01-09,123.5,124.5,122.5,123.5,3000.0,2900.0,True
2020-01-09 12:58:00,2020-01-09,124.0,125.0,123.0,124.0,3000.0,2900.0,True
2020-01-09 12:59:00,2020-01-09,124.5,125.5,123.5,124.5,3000.0,2900.0,True
