product,point,tick_size,margin_rate,type,commission,commission_intraday,slip,symbol,exchange,list_time,name,ts_code,vnpy_exchange,future_opiton,industrySub,bk,bk2,bk_lvp,bk_lvp2,update,trade,tradeF,minTradeLots,maxHoldLots,info,windows,main_month_type,spspd_month,main_month,segment
A,10,1,0.07,0,2,2,1.5,a,DCE,20020315,豆一,A.DCE,DCE,,Agricultural,NCP3,NCP,NCP,NCP1,TRUE,TRUE,TRUE,1,,,"[[""9:00"",""10:15""], [""10:30"",""11:30""], [""13:30"",""15:00""], [""21:00"",""23:00""], [""00:00"",""9:00""]]",4,"[1,3,5,7,9,11]","[1,5,9]",GW
AD,10,5,0.07,0,3,3,1.5,ad,SHFE,20250610,锻造铝,AD.SHF,SHFE,,NonFerrousMetals,YSJS,YSJS,YSJS,YSJS1,FALSE,FALSE,FALSE,1,,,"[[""9:00"",""10:15""], [""10:30"",""11:30""], [""13:30"",""15:00""], [""21:00"",""23:00""], [""00:00"",""9:00""]]",1,"[1,2,3,4,5,6,7,8,9,10,11,12]","[1,2,3,4,5,6,7,8,9,10,11,12]",
AG,15,1,0.16,1,1e-05,1e-05,1.5,ag,SHFE,,白银,AG.SHF,SHFE,1,PreciousMetals,GJS,GJS,GJS,GJS,TRUE,TRUE,TRUE,1,,,"[[""9:00"",""10:15""], [""10:30"",""11:30""], [""13:30"",""15:00""], [""21:00"",""23:00""], [""00:00"",""9:00""]]",2,"[1,2,3,4,5,6,7,8,9,10,11,12]","[2,4,6,8,10,12]",GJS
AL,5,5,0.09,0,3,3,1.5,al,SHFE,,铝,AL.SHF,SHFE,1,NonFerrousMetals,YSJS,YSJS,YSJS,YSJS1,TRUE,TRUE,TRUE,1,,,"[[""9:00"",""10:15""], [""10:30"",""11:30""], [""13:30"",""15:00""], [""21:00"",""23:00""], [""00:00"",""9:00""]]",1,"[1,2,3,4,5,6,7,8,9,10,11,12]","[1,2,3,4,5,6,7,8,9,10,11,12]",YS1
AO,20,1,0.11,1,0.0001,0.0001,1.5,ao,SHFE,20230619,氧化铝,AO.SHF,SHFE,1,NonFerrousMetals,YSJS,YSJS,YSJS,YSJS1,TRUE,TRUE,FALSE,1,,,"[[""9:00"",""10:15""], [""10:30"",""11:30""], [""13:30"",""15:00""], [""21:00"",""23:00""], [""00:00"",""9:00""]]",1,"[1,2,3,4,5,6,7,8,9,10,11,12]","[1,2,3,4,5,6,7,8,9,10,11,12]",YS1
AP,10,1,0.1,0,5,20,1.5,AP,CZCE,,苹果,AP.ZCE,CZCE,,AgriculturalSideline,NCP5,NCP,NCP,NCP5,TRUE,TRUE,TRUE,1,,,"[[""9:00"",""10:15""], [""10:30"",""11:30""], [""13:30"",""15:00""], [""21:00"",""23:00""], [""00:00"",""9:00""]]",5,"[1,3,4,5,7,10,11,12]","[1,5,10]",NF
AU,1000,0.02,0.16,0,20,20,1.5,au,SHFE,,黄金,AU.SHF,SHFE,,PreciousMetals,GJS,GJS,GJS,GJS,TRUE,TRUE,TRUE,1,,,"[[""9:00"",""10:15""], [""10:30"",""11:30""], [""13:30"",""15:00""], [""21:00"",""23:00""], [""00:00"",""9:00""]]",2,"[2,4,6,8,10,12]","[2,4,6,8,10,12]",GJS
B,10,1,0.07,0,1,1,1.5,b,DCE,,豆二,B.DCE,DCE,,Agricultural,NCP2,NCP,NCP,NCP1,TRUE,TRUE,TRUE,1,,,"[[""9:00"",""10:15""], [""10:30"",""11:30""], [""13:30"",""15:00""], [""21:00"",""23:00""], [""00:00"",""9:00""]]",4,"[1,2,3,4,5,6,7,8,9,10,11,12]","[1,5,9]",GW
BC,5,10,0.09,1,1e-05,1e-05,1.5,bc,INE,,国际铜,BC.INE,INE,,NonFerrousMetals,YSJS,YSJS,YSJS,YSJS1,FALSE,FALSE,FALSE,1,,,"[[""9:00"",""10:15""], [""10:30"",""11:30""], [""13:30"",""15:00""], [""21:00"",""23:00""], [""00:00"",""9:00""]]",1,"[1,2,3,4,5,6,7,8,9,10,11,12]","[1,2,3,4,5,6,7,8,9,10,11,12]",
BR,5,5,0.08,1,2e-05,2e-05,1.5,br,SHFE,20230728,丁二烯橡胶,BR.SHF,SHFE,1,Chemical,QG1,QG,NH,NH1,TRUE,TRUE,TRUE,1,,,"[[""9:00"",""10:15""], [""10:30"",""11:30""], [""13:30"",""15:00""], [""21:00"",""23:00""], [""00:00"",""9:00""]]",4,"[1,2,3,4,5,6,7,8,9,10,11,12]","[1,2,3,4,5,6,7,8,9,10,11,12]",XJ
BU,10,2,0.11,1,5e-05,5e-05,1.5,bu,SHFE,20040922,石油沥青,BU.SHF,SHFE,,CrudeOil,HG2,HG,,,TRUE,TRUE,TRUE,1,,,"[[""9:00"",""10:15""], [""10:30"",""11:30""], [""13:30"",""15:00""], [""21:00"",""23:00""], [""00:00"",""9:00""]]",4,"[1,2,3,4,5,6,7,8,9,10,11,12]","[1,5,9]",NY
BZ,30,1,0.08,1,0.0001,0.0001,1.5,bz,DCE,20250708,纯苯,,,,,,,,,FALSE,FALSE,FALSE,1,,,"[[""9:00"",""10:15""], [""10:30"",""11:30""], [""13:30"",""15:00""], [""21:00"",""23:00""], [""00:00"",""9:00""]]",1,"[1,2,3,4,5,6,7,8,9,10,11,12]","[1,2,3,4,5,6,7,8,9,10,11,12]",HG3
C,10,1,0.07,0,1.2,1.2,1.5,c,DCE,,玉米,C.DCE,DCE,1,Agricultural,NCP1,NCP,NCP,NCP2,TRUE,TRUE,TRUE,1,10000,,"[[""9:00"",""10:15""], [""10:30"",""11:30""], [""13:30"",""15:00""], [""21:00"",""23:00""], [""00:00"",""9:00""]]",4,"[1,3,5,7,9,11]","[1,5,9]",GW
CF,5,5,0.07,0,4.3,0,1.5,CF,CZCE,20040601,棉花,CF.ZCE,CZCE,1,Agricultural,QG2,QG,NCP,NCP5,TRUE,TRUE,TRUE,1,,,"[[""9:00"",""10:15""], [""10:30"",""11:30""], [""13:30"",""15:00""], [""21:00"",""23:00""], [""00:00"",""9:00""]]",4,"[1,3,5,7,9,11]","[1,5,9]",
CJ,5,5,0.09,0,3,3,1.5,CJ,DCE,,红枣,CJ.DCE,CZCE,,AgriculturalSideline,NCP5,NCP,NCP,NCP5,TRUE,TRUE,TRUE,1,100,2203 2205 2207 2209,"[[""9:00"",""10:15""], [""10:30"",""11:30""], [""13:30"",""15:00""], [""21:00"",""23:00""], [""00:00"",""9:00""]]",4,"[1,3,5,7,9,12]","[1,5,9]",NF
CS,10,1,0.06,0,1.5,1.5,1.5,cs,DCE,20141219,玉米淀粉,CS.DCE,DCE,,Agricultural,NCP1,NCP,NCP,NCP2,TRUE,TRUE,TRUE,1,,,"[[""9:00"",""10:15""], [""10:30"",""11:30""], [""13:30"",""15:00""], [""21:00"",""23:00""], [""00:00"",""9:00""]]",4,"[1,3,5,7,9,11]","[1,5,9]",GW
CU,5,10,0.09,1,5e-05,5e-05,1.5,cu,SHFE,,铜,CU.SHF,SHFE,1,NonFerrousMetals,YSJS,YSJS,YSJS,YSJS1,TRUE,TRUE,TRUE,1,,,"[[""9:00"",""10:15""], [""10:30"",""11:30""], [""13:30"",""15:00""], [""21:00"",""23:00""], [""00:00"",""9:00""]]",1,"[1,2,3,4,5,6,7,8,9,10,11,12]","[1,2,3,4,5,6,7,8,9,10,11,12]",YS1
CY,5,5,0.05,0,1,0,1.5,CY,CZCE,,棉纱,CY.ZCE,CZCE,,Others,,,NH,NH5,FALSE,FALSE,FALSE,1,,,"[[""9:00"",""10:15""], [""10:30"",""11:30""], [""13:30"",""15:00""], [""21:00"",""23:00""], [""00:00"",""9:00""]]",4,"[1,3,5,7,9,11]","[1,5,9]",
EB,5,1,0.07,0,1,1,1.5,eb,DCE,20190925,苯乙烯,EB.DCE,DCE,,Plastic,HG1,HG,NH,NH2,TRUE,TRUE,TRUE,1,,,"[[""9:00"",""10:15""], [""10:30"",""11:30""], [""13:30"",""15:00""], [""21:00"",""23:00""], [""00:00"",""9:00""]]",1,"[1,2,3,4,5,6,7,8,9,10,11,12]","[1,2,3,4,5,6,7,8,9,10,11,12]",HG1
EC,50,0.1,0.17,1,0.0006,0.0006,1.5,ec,INE,20230818,集运指数(欧线),EC.INE,INE,,Others,GZ1,GZ,,,TRUE,TRUE,FALSE,1,,,"[[""9:00"",""10:15""], [""10:30"",""11:30""], [""13:30"",""15:00""], [""21:00"",""23:00""], [""00:00"",""9:00""]]",2,"[2,4,6,8,10,12]","[2,4,6,8,10,12]",X1
EG,10,1,0.07,0,3,3,1.5,eg,DCE,20181210,乙二醇,EG.DCE,DCE,,Polyester,HG1,HG,NH,NH2,TRUE,TRUE,TRUE,1,,,"[[""9:00"",""10:15""], [""10:30"",""11:30""], [""13:30"",""15:00""], [""21:00"",""23:00""], [""00:00"",""9:00""]]",4,"[1,2,3,4,5,6,7,8,9,10,11,12]","[1,5,9]",HG1
FB,500,0.05,0.1,1,0.0001,0.0001,1.5,fb,DCE,,纤维板,FB.DCE,DCE,,Others,,,,,FALSE,FALSE,FALSE,1,,,"[[""9:00"",""10:15""], [""10:30"",""11:30""], [""13:30"",""15:00""], [""21:00"",""23:00""], [""00:00"",""9:00""]]",4,"[1,5,9]","[1,5,9]",
FG,20,1,0.1,0,6,6,1.5,FG,CZCE,,玻璃,FG.ZCE,CZCE,,Others,HS1,HS,QG,QG1,TRUE,TRUE,TRUE,1,1000,2203 2204 2205,"[[""9:00"",""10:15""], [""10:30"",""11:30""], [""13:30"",""15:00""], [""21:00"",""23:00""], [""00:00"",""9:00""]]",4,"[1,2,3,4,5,6,7,8,9,10,11,12]","[1,5,9]",QG
FU,10,1,0.11,1,1e-05,1e-05,1.5,fu,SHFE,20180716,燃料油,FU.SHF,SHFE,,CrudeOil,HG2,HG,NH,NH1,TRUE,TRUE,TRUE,1,,,"[[""9:00"",""10:15""], [""10:30"",""11:30""], [""13:30"",""15:00""], [""21:00"",""23:00""], [""00:00"",""9:00""]]",4,"[1,2,3,4,5,6,7,8,9,10,11,12]","[1,2,3,4,5,6,7,8,9,10,11,12]",NY
HC,10,1,0.07,1,1e-05,1e-05,1.5,hc,SHFE,,热轧卷板,HC.SHF,SHFE,,Steel,HS1,HS,HS,HS1,TRUE,TRUE,TRUE,1,,,"[[""9:00"",""10:15""], [""10:30"",""11:30""], [""13:30"",""15:00""], [""21:00"",""23:00""], [""00:00"",""9:00""]]",5,"[1,2,3,4,5,6,7,8,9,10,11,12]","[1,5,10]",HS1
I,100,0.5,0.11,1,0.0001,0.0001,1.5,i,DCE,20131018,铁矿石,I.DCE,DCE,1,Steel,HS1,HS,HS,HS2,TRUE,TRUE,TRUE,1,2000,all,"[[""9:00"",""10:15""], [""10:30"",""11:30""], [""13:30"",""15:00""], [""21:00"",""23:00""], [""00:00"",""9:00""]]",4,"[1,2,3,4,5,6,7,8,9,10,11,12]","[1,5,9]",HS1
IC,200,0.2,0.12,1,2.3e-05,2.3e-05,8,IC,CFFEX,,500股指,IC.CFX,CFFEX,,Index,GZ1,GZ,GZ,GZ1,TRUE,FALSE,FALSE,1,500,all,"[[""9:00"",""10:15""], [""10:30"",""11:30""], [""13:30"",""15:00""], [""21:00"",""23:00""], [""00:00"",""9:00""]]",1,"[1,2,3,4,5,6,7,8,9,10,11,12]","[1,2,3,4,5,6,7,8,9,10,11,12]",GZ
IF,300,0.2,0.12,1,2.3e-05,2.3e-05,3,IF,CFFEX,,300股指,IF.CFX,CFFEX,,Index,GZ1,GZ,GZ,GZ1,TRUE,FALSE,FALSE,1,500,all,"[[""9:00"",""10:15""], [""10:30"",""11:30""], [""13:30"",""15:00""], [""21:00"",""23:00""], [""00:00"",""9:00""]]",1,"[1,2,3,4,5,6,7,8,9,10,11,12]","[1,2,3,4,5,6,7,8,9,10,11,12]",GZ
IH,300,0.2,0.12,1,2.3e-05,2.3e-05,3,IH,CFFEX,,50股指,IH.CFX,CFFEX,,Index,GZ1,GZ,GZ,GZ1,TRUE,FALSE,FALSE,1,500,all,"[[""9:00"",""10:15""], [""10:30"",""11:30""], [""13:30"",""15:00""], [""21:00"",""23:00""], [""00:00"",""9:00""]]",1,"[1,2,3,4,5,6,7,8,9,10,11,12]","[1,2,3,4,5,6,7,8,9,10,11,12]",GZ
IM,200,0.2,0.12,1,2.3e-05,2.3e-05,3,IM,CFFEX,20220722,1000股指,IM.CFX,CFFEX,,Index,GZ1,GZ,GZ,GZ1,TRUE,FALSE,FALSE,1,,,"[[""9:00"",""10:15""], [""10:30"",""11:30""], [""13:30"",""15:00""], [""21:00"",""23:00""], [""00:00"",""9:00""]]",1,"[1,2,3,4,5,6,7,8,9,10,11,12]","[1,2,3,4,5,6,7,8,9,10,11,12]",GZ
J,100,0.5,0.2,1,0.00014,0.00014,1.5,j,DCE,20010415,焦炭,J.DCE,DCE,,Steel,HS2,HS,HS,HS2,TRUE,TRUE,TRUE,1,50,all,"[[""9:00"",""10:15""], [""10:30"",""11:30""], [""13:30"",""15:00""], [""21:00"",""23:00""], [""00:00"",""9:00""]]",4,"[1,2,3,4,5,6,7,8,9,10,11,12]","[1,5,9]",HS1
JD,10,1,0.07,1,0.00015,0.00015,1.5,jd,DCE,20131108,鸡蛋,JD.DCE,DCE,,AgriculturalSideline,NCP4,NCP,NCP,NCP6,TRUE,TRUE,TRUE,1,,,"[[""9:00"",""10:15""], [""10:30"",""11:30""], [""13:30"",""15:00""], [""21:00"",""23:00""], [""00:00"",""9:00""]]",4,"[1,2,3,4,5,6,7,8,9,10,11,12]","[1,2,3,4,5,6,7,8,9,10,11,12]",NF
JM,60,0.5,0.12,1,0.0001,0.0001,1.5,jm,DCE,20130322,焦煤,JM.DCE,DCE,,Steel,HS2,HS,HS,HS2,TRUE,TRUE,TRUE,1,50,all,"[[""9:00"",""10:15""], [""10:30"",""11:30""], [""13:30"",""15:00""], [""21:00"",""23:00""], [""00:00"",""9:00""]]",4,"[1,2,3,4,5,6,7,8,9,10,11,12]","[1,5,9]",HS1
L,5,1,0.07,0,1,1,1.5,l,DCE,20070731,聚乙烯,L.DCE,DCE,1,Plastic,HG1,HG,NH,NH2,TRUE,TRUE,TRUE,1,,,"[[""9:00"",""10:15""], [""10:30"",""11:30""], [""13:30"",""15:00""], [""21:00"",""23:00""], [""00:00"",""9:00""]]",4,"[1,2,3,4,5,6,7,8,9,10,11,12]","[1,5,9]",HG2
LC,1,20,0.11,1,8e-05,8e-05,1.5,lc,GFEX,20230721,碳酸锂,LC.GFE,GFEX,,NonFerrousMetals,YSJS,YSJS,,,TRUE,TRUE,TRUE,1,,,"[[""9:00"",""10:15""], [""10:30"",""11:30""], [""13:30"",""15:00""], [""21:00"",""23:00""], [""00:00"",""9:00""]]",2,"[1,2,3,4,5,6,7,8,9,10,11,12]","[1,5,9]",X1
LF,5,1,0.07,0,1,1,,,,,,,,,,,,,,,,,,,,"[[""9:00"",""10:15""], [""10:30"",""11:30""], [""13:30"",""15:00""], [""21:00"",""23:00""], [""00:00"",""9:00""]]",,"[2,4,6,8,10,12]","[2,4,6,8,10,12]",
LG,90,0.5,0.08,1,1e-05,1e-05,1.5,lg,DCE,20241118,原木期货,LG.DCE,DCE,,,,,,,FALSE,FALSE,FALSE,1,,,"[[""9:00"",""10:15""], [""10:30"",""11:30""], [""13:30"",""15:00""], [""21:00"",""23:00""], [""00:00"",""9:00""]]",11,"[1,3,5,7,9,11]","[1,5,9]",
LH,16,5,0.08,1,0.0002,0.0002,1.5,lh,DCE,20210108,生猪,LH.DCE,DCE,,AgriculturalSideline,NCP4,NCP,NCP,NCP6,TRUE,TRUE,TRUE,1,500,all,"[[""9:00"",""10:15""], [""10:30"",""11:30""], [""13:30"",""15:00""], [""21:00"",""23:00""], [""00:00"",""9:00""]]",4,"[1,3,5,7,9,11]","[1,5,9]",NF
LU,10,1,0.11,1,1e-05,1e-05,1.5,lu,INE,20200622,低硫燃料油,LU.INE,INE,,CrudeOil,HG2,HG,NH,NH1,TRUE,TRUE,TRUE,1,,,"[[""9:00"",""10:15""], [""10:30"",""11:30""], [""13:30"",""15:00""], [""21:00"",""23:00""], [""00:00"",""9:00""]]",1,"[1,2,3,4,5,6,7,8,9,10,11,12]","[1,2,3,4,5,6,7,8,9,10,11,12]",NY
M,10,1,0.07,0,1.5,1.5,1.5,m,DCE,20100717,豆粕,M.DCE,DCE,1,Agricultural,NCP2,NCP,NCP,NCP3,TRUE,TRUE,TRUE,1,,,"[[""9:00"",""10:15""], [""10:30"",""11:30""], [""13:30"",""15:00""], [""21:00"",""23:00""], [""00:00"",""9:00""]]",4,"[1,3,5,7,8,9,11,12]","[1,5,9]",YZ2
MA,10,1,0.07,1,0.0001,0.0001,1.5,MA,CZCE,20111028,甲醇MA,MA.ZCE,CZCE,1,CoalChemical,HG1,HG,NH,NH2,TRUE,TRUE,TRUE,1,,,"[[""9:00"",""10:15""], [""10:30"",""11:30""], [""13:30"",""15:00""], [""21:00"",""23:00""], [""00:00"",""9:00""]]",4,"[1,2,3,4,5,6,7,8,9,10,11,12]","[1,5,9]",
NI,1,10,0.1,0,3,3,3,ni,SHFE,,镍,NI.SHF,SHFE,,NonFerrousMetals,YSJS,YSJS,YSJS,YSJS2,TRUE,TRUE,TRUE,1,,,"[[""9:00"",""10:15""], [""10:30"",""11:30""], [""13:30"",""15:00""], [""21:00"",""23:00""], [""00:00"",""9:00""]]",1,"[1,2,3,4,5,6,7,8,9,10,11,12]","[1,2,3,4,5,6,7,8,9,10,11,12]",YS2
NR,10,5,0.09,1,2e-05,2e-05,1.5,nr,INE,,20号胶,NR.INE,INE,,Chemical,QG1,QG,NH,NH4,TRUE,TRUE,TRUE,1,,,"[[""9:00"",""10:15""], [""10:30"",""11:30""], [""13:30"",""15:00""], [""21:00"",""23:00""], [""00:00"",""9:00""]]",4,"[1,2,3,4,5,6,7,8,9,10,11,12]","[1,2,3,4,5,6,7,8,9,10,11,12]",XJ
OI,10,1,0.09,0,2,2,1.5,OI,CZCE,20070608,菜籽油OI,OI.ZCE,CZCE,,Oil,NCP3,NCP,NCP,NCP4,TRUE,TRUE,TRUE,1,,,"[[""9:00"",""10:15""], [""10:30"",""11:30""], [""13:30"",""15:00""], [""21:00"",""23:00""], [""00:00"",""9:00""]]",4,"[1,3,5,7,9,11]","[1,5,9]",YZ
OP,40,2,0.6,1,0.0001,0.0001,1.5,OP,SHFE,20250910,胶板印刷纸,OP.SFH,SHFE,,,,,,,FALSE,FALSE,FALSE,1,,,"[[""9:00"",""10:15""], [""10:30"",""11:30""], [""13:30"",""15:00""], [""21:00"",""23:00""], [""00:00"",""9:00""]]",4,"[1,2,3,4,5,6,7,8,9,10,11,12]","[1,2,3,4,5,6,7,8,9,10,11,12]",
P,10,2,0.08,0,2.5,2.5,1.5,p,DCE,20071029,棕榈油,P.DCE,DCE,1,Oil,NCP3,NCP,NCP,NCP4,TRUE,TRUE,TRUE,1,,,"[[""9:00"",""10:15""], [""10:30"",""11:30""], [""13:30"",""15:00""], [""21:00"",""23:00""], [""00:00"",""9:00""]]",4,"[1,2,3,4,5,6,7,8,9,10,11,12]","[1,5,9]",YZ
PB,5,5,0.09,1,4e-05,4e-05,1.5,pb,SHFE,,铅,PB.SHF,SHFE,,NonFerrousMetals,YSJS,YSJS,YSJS,YSJS1,TRUE,TRUE,TRUE,1,,,"[[""9:00"",""10:15""], [""10:30"",""11:30""], [""13:30"",""15:00""], [""21:00"",""23:00""], [""00:00"",""9:00""]]",1,"[1,2,3,4,5,6,7,8,9,10,11,12]","[1,2,3,4,5,6,7,8,9,10,11,12]",YS1
PD,1000,0.05,0.16,,,,,,GFEX,20251127,,,,,,,,,,,,,,,,"[[""9:00"",""10:15""], [""10:30"",""11:30""], [""13:30"",""15:00""], [""21:00"",""23:00""], [""00:00"",""9:00""]]",,"[2,4,6,8,10,12]","[2,4,6,8,10,12]",
PF,5,2,0.07,0,2,0,1.5,PF,CZCE,20201012,涤纶短纤,PF.ZCE,CZCE,,Polyester,QG2,QG,NH,NH2,TRUE,TRUE,TRUE,1,,,"[[""9:00"",""10:15""], [""10:30"",""11:30""], [""13:30"",""15:00""], [""21:00"",""23:00""], [""00:00"",""9:00""]]",1,"[1,2,3,4,5,6,7,8,9,10,11,12]","[1,2,3,4,5,6,7,8,9,10,11,12]",HG2
PG,20,1,0.07,0,6,6,1.5,pg,DCE,20200330,液化石油气,PG.DCE,DCE,1,CrudeOil,HG2,HG,NH,NH1,TRUE,TRUE,TRUE,1,4000,all,"[[""9:00"",""10:15""], [""10:30"",""11:30""], [""13:30"",""15:00""], [""21:00"",""23:00""], [""00:00"",""9:00""]]",1,"[1,2,3,4,5,6,7,8,9,10,11,12]","[1,2,3,4,5,6,7,8,9,10,11,12]",HG1
PK,5,2,0.07,0,1,0,1.5,PK,CZCE,20210201,花生,PK.ZCE,CZCE,,AgriculturalSideline,NCP3,NCP,NCP,NCP1,TRUE,TRUE,FALSE,1,,,"[[""9:00"",""10:15""], [""10:30"",""11:30""], [""13:30"",""15:00""], [""21:00"",""23:00""], [""00:00"",""9:00""]]",1,"[1,3,4,5,10,11,12]","[1,5,9]",NF
PL,20,1,0.07,1,0.0001,0.0001,1.5,PL,CZCE,20250721,,PL.ZCE,CZCE,,,,,,,FALSE,FALSE,FALSE,1,,,"[[""9:00"",""10:15""], [""10:30"",""11:30""], [""13:30"",""15:00""], [""21:00"",""23:00""], [""00:00"",""9:00""]]",1,"[1,2,3,4,5,6,7,8,9,10,11,12]","[1,2,3,4,5,6,7,8,9,10,11,12]",
PM,50,1,0.15,0,30,30,1.5,PM,CZCE,,普麦,PM.ZCE,CZCE,,Others,,,,,FALSE,FALSE,FALSE,1,,,"[[""9:00"",""10:15""], [""10:30"",""11:30""], [""13:30"",""15:00""], [""21:00"",""23:00""], [""00:00"",""9:00""]]",1,"[1,5,9]","[1,5,9]",
PP,5,1,0.07,0,1,1,1.5,pp,DCE,,聚丙烯,PP.DCE,DCE,1,Plastic,HG1,HG,NH,NH2,TRUE,TRUE,TRUE,1,,,"[[""9:00"",""10:15""], [""10:30"",""11:30""], [""13:30"",""15:00""], [""21:00"",""23:00""], [""00:00"",""9:00""]]",4,"[1,2,3,4,5,6,7,8,9,10,11,12]","[1,5,9]",HG3
PPF,5,1,0.07,0,2,1,,,,,,,,,,,,,,,,,,,,"[[""9:00"",""10:15""], [""10:30"",""11:30""], [""13:30"",""15:00""], [""21:00"",""23:00""], [""00:00"",""9:00""]]",,"[1,5,9]","[1,5,9]",
PR,15,2,0.07,1,5e-05,0,1.5,PR,CZCE,20240830,瓶片,PR.CZCE,CZCE,,,,,,,FALSE,FALSE,FALSE,1,,,"[[""9:00"",""10:15""], [""10:30"",""11:30""], [""13:30"",""15:00""], [""21:00"",""23:00""], [""00:00"",""9:00""]]",1,"[1,2,3,4,5,6,7,8,9,10,11,12]","[1,2,3,4,5,6,7,8,9,10,11,12]",HG3
PS,3,5,0.11,0,2,0,1.5,ps,GFEX,20241226,多晶硅,PS.GFE,GFEX,,,,,,,FALSE,FALSE,FALSE,1,,,"[[""9:00"",""10:15""], [""10:30"",""11:30""], [""13:30"",""15:00""], [""21:00"",""23:00""], [""00:00"",""9:00""]]",1,"[1,2,3,4,5,6,7,8,9,10,11,12]","[1,5,9]",X1
PT,1000,0.05,0.16,,,,,,GFEX,20251127,,,,,,,,,,,,,,,,"[[""9:00"",""10:15""], [""10:30"",""11:30""], [""13:30"",""15:00""], [""21:00"",""23:00""], [""00:00"",""9:00""]]",,"[2,4,6,8,10,12]","[2,4,6,8,10,12]",
PX,5,2,0.07,1,0.0001,0.0001,1.5,PX,CZCE,20230915,PX,PX.ZCE,CZCE,,Polyester,HG1,HG,,,TRUE,TRUE,TRUE,1,,,"[[""9:00"",""10:15""], [""10:30"",""11:30""], [""13:30"",""15:00""], [""21:00"",""23:00""], [""00:00"",""9:00""]]",1,"[1,2,3,4,5,6,7,8,9,10,11,12]","[1,2,3,4,5,6,7,8,9,10,11,12]",HG2
RB,10,1,0.07,1,2e-05,2e-05,1.5,rb,SHFE,20090327,螺纹钢,RB.SHF,SHFE,,Steel,HS1,HS,HS,HS1,TRUE,TRUE,TRUE,1,,,"[[""9:00"",""10:15""], [""10:30"",""11:30""], [""13:30"",""15:00""], [""21:00"",""23:00""], [""00:00"",""9:00""]]",4,"[1,2,3,4,5,6,7,8,9,10,11,12]","[1,5,9]",HS1
RM,10,1,0.07,0,1.5,1.5,1.5,RM,CZCE,20121228,菜籽粕,RM.ZCE,CZCE,1,Agricultural,NCP2,NCP,NCP,NCP3,TRUE,TRUE,TRUE,1,500,2205 2207 2208 2209 2211,"[[""9:00"",""10:15""], [""10:30"",""11:30""], [""13:30"",""15:00""], [""21:00"",""23:00""], [""00:00"",""9:00""]]",4,"[1,3,5,7,8,9,10,11]","[1,5,9]",YZ2
RS,10,1,0.2,0,2,,1.5,RS,CZCE,20191206,油菜籽,RS.ZCE,CZCE,,Others,,,,,FALSE,FALSE,FALSE,1,,,"[[""9:00"",""10:15""], [""10:30"",""11:30""], [""13:30"",""15:00""], [""21:00"",""23:00""], [""00:00"",""9:00""]]",4,"[1,5,9]","[1,5,9]",
RU,10,5,0.09,0,3,3,1.5,ru,SHFE,,天然橡胶,RU.SHF,SHFE,1,Chemical,QG1,QG,NH,NH4,TRUE,TRUE,TRUE,1,,,"[[""9:00"",""10:15""], [""10:30"",""11:30""], [""13:30"",""15:00""], [""21:00"",""23:00""], [""00:00"",""9:00""]]",4,"[1,2,3,4,5,6,7,8,9,10,11,12]","[1,5,9]",XJ
SA,20,1,0.09,1,0.0002,0.0002,1.5,SA,CZCE,,纯碱,SA.ZCE,CZCE,,CoalChemical,HG1,HG,QG,QG1,TRUE,TRUE,TRUE,1,,,"[[""9:00"",""10:15""], [""10:30"",""11:30""], [""13:30"",""15:00""], [""21:00"",""23:00""], [""00:00"",""9:00""]]",4,"[1,2,3,4,5,6,7,8,9,10,11,12]","[1,5,9]",QG
SC,1000,0.1,0.11,0,20,20,1.5,sc,INE,,原油,SC.INE,INE,1,CrudeOil,HG2,HG,NH,NH1,TRUE,TRUE,TRUE,1,,,"[[""9:00"",""10:15""], [""10:30"",""11:30""], [""13:30"",""15:00""], [""21:00"",""23:00""], [""00:00"",""9:00""]]",1,"[1,2,3,4,5,6,7,8,9,10,11,12]","[1,2,3,4,5,6,7,8,9,10,11,12]",X2
SF,5,2,0.08,0,3,0,1.5,SF,CZCE,20221222,硅铁,SF.ZCE,CZCE,,Steel,HS3,HS,QG2,QG2,TRUE,TRUE,TRUE,1,,,"[[""9:00"",""10:15""], [""10:30"",""11:30""], [""13:30"",""15:00""], [""21:00"",""23:00""], [""00:00"",""9:00""]]",4,"[1,2,3,4,5,6,7,8,9,10,11,12]","[1,5,9]",HS2
SH,30,1,0.08,1,0.0001,0.0001,1.5,SH,CZCE,20230915,烧碱,SH.ZCE,CZCE,,Chemical,HG2,HG,,,TRUE,TRUE,TRUE,1,,,"[[""9:00"",""10:15""], [""10:30"",""11:30""], [""13:30"",""15:00""], [""21:00"",""23:00""], [""00:00"",""9:00""]]",4,"[1,2,3,4,5,6,7,8,9,10,11,12]","[1,2,3,4,5,6,7,8,9,10,11,12]",QG
SI,5,5,0.1,1,1e-05,1e-05,1.5,si,GFEX,20221222,工业硅,SI.GFE,GFEX,,NonFerrousMetals,YSJS,YSJS,HS,HS3,TRUE,TRUE,TRUE,1,,,"[[""9:00"",""10:15""], [""10:30"",""11:30""], [""13:30"",""15:00""], [""21:00"",""23:00""], [""00:00"",""9:00""]]",1,"[1,2,3,4,5,6,7,8,9,10,11,12]","[1,5,9]",X1
SM,5,2,0.09,0,3,0,1.5,SM,CZCE,,锰硅,SM.ZCE,CZCE,,Steel,HS3,HS,HS,HS3,TRUE,TRUE,TRUE,1,,,"[[""9:00"",""10:15""], [""10:30"",""11:30""], [""13:30"",""15:00""], [""21:00"",""23:00""], [""00:00"",""9:00""]]",4,"[1,2,3,4,5,6,7,8,9,10,11,12]","[1,5,9]",HS2
SN,1,10,0.1,0,3,3,3,sn,SHFE,,锡,SN.SHF,SHFE,,NonFerrousMetals,YSJS,YSJS,YSJS,YSJS1,TRUE,TRUE,TRUE,1,,,"[[""9:00"",""10:15""], [""10:30"",""11:30""], [""13:30"",""15:00""], [""21:00"",""23:00""], [""00:00"",""9:00""]]",1,"[1,2,3,4,5,6,7,8,9,10,11,12]","[1,2,3,4,5,6,7,8,9,10,11,12]",YS1
SP,10,2,0.07,1,5e-05,5e-05,1.5,sp,SHFE,,纸浆,SP.SHF,SHFE,,Others,QG1,,QG,QG2,TRUE,TRUE,TRUE,1,,,"[[""9:00"",""10:15""], [""10:30"",""11:30""], [""13:30"",""15:00""], [""21:00"",""23:00""], [""00:00"",""9:00""]]",4,"[1,2,3,4,5,6,7,8,9,10,11,12]","[1,5,9]",
SR,10,1,0.07,0,2,2,1.5,SR,CZCE,20060106,白糖,SR.ZCE,CZCE,1,Agricultural,NCP5,NCP,NCP,NCP5,TRUE,TRUE,TRUE,1,,,"[[""9:00"",""10:15""], [""10:30"",""11:30""], [""13:30"",""15:00""], [""21:00"",""23:00""], [""00:00"",""9:00""]]",4,"[1,3,5,7,9,11]","[1,5,9]",NF
SS,5,5,0.07,0,2,2,1.5,ss,SHFE,20190925,不锈钢,SS.SHF,SHFE,,NonFerrousMetals,YSJS,YSJS,YSJS,YSJS2,TRUE,TRUE,TRUE,1,,,"[[""9:00"",""10:15""], [""10:30"",""11:30""], [""13:30"",""15:00""], [""21:00"",""23:00""], [""00:00"",""9:00""]]",1,"[1,2,3,4,5,6,7,8,9,10,11,12]","[1,2,3,4,5,6,7,8,9,10,11,12]",YS2
T,10000,0.005,0.02,0,3,3,1.5,T,CFFEX,20061218,十年期国债,T.CFX,CFFEX,,Index,GZ2,GZ,GZ,GZ2,TRUE,FALSE,FALSE,1,,,"[[""9:00"",""10:15""], [""10:30"",""11:30""], [""13:30"",""15:00""], [""21:00"",""23:00""], [""00:00"",""9:00""]]",3,"[3,6,9,12]","[3,6,9,12]",GZ2
TA,5,2,0.07,0,3,0,1.5,TA,CZCE,,PTA,TA.ZCE,CZCE,1,Polyester,HG1,HG,NH,NH2,TRUE,TRUE,TRUE,1,,,"[[""9:00"",""10:15""], [""10:30"",""11:30""], [""13:30"",""15:00""], [""21:00"",""23:00""], [""00:00"",""9:00""]]",4,"[1,2,3,4,5,6,7,8,9,10,11,12]","[1,5,9]",HG2
TF,10000,0.005,0.035,0,3,3,1.5,TF,CFFEX,,5年期国债,TF.CFX,CFFEX,,Index,GZ2,GZ,GZ,GZ2,TRUE,FALSE,FALSE,1,,,"[[""9:00"",""10:15""], [""10:30"",""11:30""], [""13:30"",""15:00""], [""21:00"",""23:00""], [""00:00"",""9:00""]]",3,"[3,6,9,12]","[3,6,9,12]",GZ2
TL,10000,0.005,0.035,0,3,3,1.5,TL,CFFEX,,三十年期国债,TL.CFX,CFFEX,,Index,GZ2,GZ,GZ,GZ2,FALSE,FALSE,FALSE,1,,,"[[""9:00"",""10:15""], [""10:30"",""11:30""], [""13:30"",""15:00""], [""21:00"",""23:00""], [""00:00"",""9:00""]]",3,"[3,6,9,12]","[3,6,9,12]",
TS,10000,0.005,0.035,0,3,3,1.5,TS,CFFEX,,二年期国债,TS.CFX,CFFEX,,Index,GZ2,GZ,GZ,GZ2,TRUE,FALSE,FALSE,1,,,"[[""9:00"",""10:15""], [""10:30"",""11:30""], [""13:30"",""15:00""], [""21:00"",""23:00""], [""00:00"",""9:00""]]",3,"[3,6,9,12]","[3,6,9,12]",GZ2
UR,20,1,0.08,1,0.0001,0.0001,1.5,UR,CZCE,,尿素,UR.ZCE,CZCE,,Polyester,HG1,HG,QG,QG2,TRUE,TRUE,TRUE,1,,,"[[""9:00"",""10:15""], [""10:30"",""11:30""], [""13:30"",""15:00""], [""21:00"",""23:00""], [""00:00"",""9:00""]]",4,"[1,2,3,4,5,6,7,8,9,10,11,12]","[1,5,9]",
V,5,1,0.07,0,2,1,1.5,v,DCE,,聚氯乙烯,V.DCE,DCE,1,CoalChemical,HG1,HG,QG,QG1,TRUE,TRUE,TRUE,1,,,"[[""9:00"",""10:15""], [""10:30"",""11:30""], [""13:30"",""15:00""], [""21:00"",""23:00""], [""00:00"",""9:00""]]",4,"[1,2,3,4,5,6,7,8,9,10,11,12]","[1,5,9]",HG3
VF,5,1,0.07,0,2,1,,,,,,,,,,,,,,,,,,,,"[[""9:00"",""10:15""], [""10:30"",""11:30""], [""13:30"",""15:00""], [""21:00"",""23:00""], [""00:00"",""9:00""]]",,"[2,4,6,8,10,12]","[2,4,6,8,10,12]",
WH,20,1,0.15,1,0.0001,4e-05,1.5,WH,CZCE,,强麦WH,WH.ZCE,CZCE,,,,,,,FALSE,FALSE,FALSE,1,,,"[[""9:00"",""10:15""], [""10:30"",""11:30""], [""13:30"",""15:00""], [""21:00"",""23:00""], [""00:00"",""9:00""]]",4,"[1,5,9]","[1,5,9]",
WR,10,1,0.09,1,4e-05,4e-05,1.5,wr,SHFE,,线材,WR.SHF,SHFE,,Others,,,,,FALSE,FALSE,FALSE,1,,,"[[""9:00"",""10:15""], [""10:30"",""11:30""], [""13:30"",""15:00""], [""21:00"",""23:00""], [""00:00"",""9:00""]]",4,"[1,5,9]","[1,5,9]",
Y,10,2,0.07,0,2.5,2.5,1.5,y,DCE,20060109,豆油,Y.DCE,DCE,,Oil,NCP3,NCP,NCP,NCP4,TRUE,TRUE,TRUE,1,20,all,"[[""9:00"",""10:15""], [""10:30"",""11:30""], [""13:30"",""15:00""], [""21:00"",""23:00""], [""00:00"",""9:00""]]",4,"[1,3,5,7,8,9,11,12]","[1,5,9]",YZ
ZC,100,0.2,0.2,0,4,4,1.5,ZC,CZCE,20130926,动力煤ZC,ZC.ZCE,CZCE,1,Steel,HS2,HS,HS,HS2,FALSE,FALSE,FALSE,1,,,"[[""9:00"",""10:15""], [""10:30"",""11:30""], [""13:30"",""15:00""], [""21:00"",""23:00""], [""00:00"",""9:00""]]",4,"[1,2,3,4,5,6,7,8,9,10,11,12]","[1,5,9]",
ZN,5,5,0.09,0,3,3,1.5,zn,SHFE,20070326,锡,ZN.SHF,SHFE,1,NonFerrousMetals,YSJS,YSJS,YSJS,YSJS1,TRUE,TRUE,TRUE,1,,,"[[""9:00"",""10:15""], [""10:30"",""11:30""], [""13:30"",""15:00""], [""21:00"",""23:00""], [""00:00"",""9:00""]]",1,"[1,2,3,4,5,6,7,8,9,10,11,12]","[1,2,3,4,5,6,7,8,9,10,11,12]",YS1